iteration,tr_loss
0,4.213222980499268
1,4.202610541612676
2,4.149908191587296
3,4.187989193488857
4,4.189552704671165
5,4.14778763529674
6,4.15396087645769
7,4.147146170829882
8,4.133954026906809
9,4.141210809250818
10,4.113703313375903
11,4.129876600273551
12,4.170669104617083
13,4.191892112604565
14,4.1887485691284025
15,4.1832722845042385
16,4.154464878937084
17,4.152146360212034
18,4.163900560141314
19,4.159669498583433
20,4.165733517556906
21,4.16454149321022
22,4.180326445911107
23,4.186083021529534
24,4.176642680104312
25,4.184181427146042
26,4.171575573171139
27,4.17834199297228
28,4.1707256998874245
29,4.151483052051219
30,4.141665100256162
31,4.151239229968602
32,4.156084550330817
33,4.151258307360059
34,4.1556079756272215
35,4.15515604521856
36,4.1524495917683115
37,4.134758791239568
38,4.13112949059279
39,4.140047359684011
40,4.128230867958911
41,4.117421065046691
42,4.113921945702213
43,4.112470315276412
44,4.126567732571391
45,4.126332250849707
46,4.117671466969818
47,4.1223249370654305
48,4.115120379325795
49,4.111526777448694
50,4.112676024604896
51,4.1007911529203565
52,4.100764902992222
53,4.102138692521747
54,4.102815028876529
55,4.108510364264794
56,4.103351196174221
57,4.0994820376281496
58,4.090359542437993
59,4.0859017961372
60,4.077135207430899
61,4.090189288754376
62,4.080176657470442
63,4.059215531115213
64,4.059876209634184
65,4.0649063262677725
66,4.055956686548642
67,4.048909013900835
68,4.035743785036391
69,4.036729215207426
70,4.03866480825661
71,4.032262484684607
72,4.017791987974157
73,4.027022378631016
74,4.025408077624576
75,4.018801079451337
76,4.022076852912135
77,4.028314263140467
78,4.0259740364744845
79,4.029242458354867
80,4.028111347450581
81,4.0205952475041284
82,4.003463415964096
83,4.008355185567081
84,4.014059358502203
85,4.006538944618374
86,4.006418075211632
87,4.007941291503825
88,4.010731938936838
89,4.011750557590183
90,4.017843920028434
91,4.012257968440488
92,3.995656099368617
93,4.000524281656122
94,3.995622788923607
95,3.997157983413773
96,3.9790560817315104
97,3.969643967462864
98,3.974529696253805
99,3.9730372312843487
100,3.9670220255363478
101,3.956138627738537
102,3.960779254394065
103,3.9621206013482873
104,3.956260459484062
105,3.947875501227041
106,3.9323517684424085
107,3.931588803485752
108,3.926321632344115
109,3.910739235941827
110,3.9103341908700266
111,3.9175016875724054
112,3.9226223048433537
113,3.9242104495145176
114,3.918813052333708
115,3.922021786524608
116,3.9276338945168328
117,3.9416029488778843
118,3.93555372454739
119,3.9333525891062773
120,3.931499780131599
121,3.920623435728521
122,3.919876905244071
123,3.9300520878801732
124,3.9144805960760976
125,3.9222872559193145
126,3.9244063840479724
127,3.9216002230165614
128,3.9137534742781623
129,3.9260245715920536
130,3.929875334475148
131,3.9287748454616684
132,3.942791318835009
133,3.9342725388798727
134,3.92623830061826
135,3.9229979426581236
136,3.9280495327741964
137,3.925342381366679
138,3.9145981541921473
139,3.9095162496386173
140,3.909279464212015
141,3.9102206778491406
142,3.913822585044784
143,3.9125198844495057
144,3.8981919123113298
145,3.893931135836804
146,3.8854345575452016
147,3.8834179405280533
148,3.878390734272394
149,3.8805264860781503
150,3.874138874946457
151,3.8766558435239196
152,3.8681216775754628
153,3.870162830391814
154,3.8631578233992565
155,3.8536942371158758
156,3.8490491861742324
157,3.85585581209736
158,3.8469913383345076
159,3.850828227981295
160,3.8533701397314157
161,3.8419136339073385
162,3.837598110033142
163,3.822351179307038
164,3.812299895540063
165,3.8162053705171006
166,3.814401456519044
167,3.8141642909878586
168,3.8151481806367293
169,3.8320844678372383
170,3.8350462146940556
171,3.8313428771964215
172,3.8289072482694917
173,3.81756710073158
174,3.8099053625970907
175,3.815550417720669
176,3.8239031566969404
177,3.817519614606372
178,3.8226178171756615
179,3.820757467278377
180,3.8270357984895087
181,3.8364947750391223
182,3.8365224412936096
183,3.8235734045465244
184,3.817666528042995
185,3.8260092985408347
186,3.822761504528796
187,3.828749026085259
188,3.834289507731277
189,3.820591107555126
190,3.818667420815324
191,3.8133204939283405
192,3.8163211614252055
193,3.8216189424030387
194,3.8307791176409003
195,3.836634665578588
196,3.82063515772381
197,3.818706451453474
198,3.8023888424978316
199,3.80580450230536
200,3.8072382200058756
201,3.79460306020896
202,3.8000880588418573
203,3.7823278168408168
204,3.766655474659946
205,3.761880612790265
206,3.754401609608485
207,3.763618172002945
208,3.7600113228387606
209,3.759276530784322
210,3.7564307266910637
211,3.749849207087295
212,3.7504135954009596
213,3.74881621434026
214,3.743758143518979
215,3.7353013566379323
216,3.7266220490321835
217,3.7284410082417008
218,3.722450351844864
219,3.7239779856279553
220,3.733213933807053
221,3.7365521758650972
222,3.7411308902432934
223,3.7583331544561087
224,3.7540950348554762
225,3.748826402639732
226,3.754127607874533
227,3.7580164447029727
228,3.755922285608478
229,3.757956263325502
230,3.755509546849079
231,3.7624893969183852
232,3.756701661226295
233,3.7645103013441656
234,3.766713616376107
235,3.758444225024017
236,3.7529596313454774
237,3.745021116189144
238,3.7426311964509233
239,3.7329691804300045
240,3.7347070022295354
241,3.7391923830150553
242,3.734222557520736
243,3.7324524407776787
244,3.735350116352799
245,3.7204611375110197
246,3.7095569575994736
247,3.7055468811864434
248,3.7023471146935747
249,3.699305537345953
250,3.6995708023875844
251,3.7098396036245505
252,3.7105107047338266
253,3.7052789206876824
254,3.7038574637903157
255,3.682328841206566
256,3.6767302308940177
257,3.6750265206945874
258,3.6778832160067836
259,3.6693469434714983
260,3.68022015195737
261,3.6735744615553516
262,3.671056423391506
263,3.6722697414177787
264,3.6838232500038806
265,3.684844581658896
266,3.6866135259117736
267,3.681732724510339
268,3.671829744911948
269,3.6726665688697473
270,3.6714648775632748
271,3.6694001491487267
272,3.6635812322578425
273,3.6634337891239572
274,3.6692391905551354
275,3.6747859596592116
276,3.6646676179408675
277,3.6525437864187964
278,3.6446935636542928
279,3.646125342046143
280,3.647881461468718
281,3.640637099557108
282,3.6355906489501018
283,3.6224575055164543
284,3.6209409122723057
285,3.6381256902634904
286,3.6481948484158226
287,3.640357165477267
288,3.636589976261965
289,3.6435135840585824
290,3.635783996346535
291,3.6411829347957037
292,3.634545357814945
293,3.6359128540660666
294,3.6301577638658618
295,3.6204906243805635
296,3.6178900694302554
297,3.6076987720617515
298,3.6067621517355017
299,3.6160768943255324
300,3.6167399629632486
301,3.612897883872396
302,3.6123134477580754
303,3.603479468765991
304,3.6065395198669354
305,3.6099747967284332
306,3.6055759288436113
307,3.6056004675946287
308,3.608268306712125
309,3.6046704722511818
310,3.6103413329673923
311,3.611395392421418
312,3.615361806103307
313,3.611145331563267
314,3.5980261297294382
315,3.59393809248474
316,3.598421710214586
317,3.594542430128243
318,3.5894661322942714
319,3.589728307438106
320,3.5896632692436112
321,3.58458910154593
322,3.5858885257171678
323,3.597090950123871
324,3.598879781455243
325,3.6095186286385887
326,3.604067075223143
327,3.5908965706006044
328,3.571478772963234
329,3.567616252294876
330,3.5766817005160236
331,3.575942324380024
332,3.580080994566336
333,3.5840110861396663
334,3.5867941458965036
335,3.5865342215559664
336,3.5726339431321703
337,3.5545286045217916
338,3.546067861523844
339,3.5419771634603174
340,3.545709749645331
341,3.541283501634773
342,3.5392201728918087
343,3.5323787596262513
344,3.5181626538596498
345,3.5098236099390325
346,3.507702313893539
347,3.499591816204162
348,3.5155676022875495
349,3.517643521751609
350,3.5032233782402273
351,3.505176100004246
352,3.5027361464415754
353,3.5001078768546297
354,3.4953225003859365
355,3.4938962310208264
356,3.488581607398801
357,3.4918411733799206
358,3.499435551440492
359,3.4994467507820266
360,3.5015992234812874
361,3.505488836315395
362,3.5024930609713447
363,3.5076718385203574
364,3.516340296772147
365,3.521709624210656
366,3.528157347598684
367,3.540199387597988
368,3.5318626950690986
369,3.52150675956285
370,3.5048773152587684
371,3.5002819289337586
372,3.4960743476832477
373,3.4909937595478575
374,3.49104647282726
375,3.4784659208500295
376,3.4742230413745814
377,3.4690885112956305
378,3.454432756446711
379,3.447975581073252
380,3.429399772349425
381,3.425856035609267
382,3.4345220065135718
383,3.4349700142175554
384,3.420790993411396
385,3.4217508863206065
386,3.4220550437036077
387,3.4143848300103548
388,3.4129978066770073
389,3.4077125036392872
390,3.4162287534929994
391,3.419169921738866
392,3.4080756963195067
393,3.4147333500751453
394,3.4198500184369043
395,3.4245080783779516
396,3.4380237066019887
397,3.428922010757636
398,3.4277960276919006
399,3.4164714480798897
400,3.4134435457048626
401,3.420612996025379
402,3.4341412265674927
403,3.4386412904305423
404,3.441659467954426
405,3.447610251771857
406,3.4386379470689374
407,3.43313021686722
408,3.423155012378287
409,3.4307928378605723
410,3.446371309019355
411,3.443354491842141
412,3.4375500542184194
413,3.427524184096553
414,3.4264521302408464
415,3.429908318972983
416,3.416763764090121
417,3.4279955569892717
418,3.4325638897032973
419,3.4387053323286865
420,3.4325863846984923
421,3.430871466040431
422,3.4272310180231367
423,3.430434257848837
424,3.431210511436915
425,3.4240615306625592
426,3.4365470470440385
427,3.428237002924577
428,3.427817121886813
429,3.43192682560038
430,3.4275575975661843
431,3.4240275775465014
432,3.4246373263319736
433,3.426473268167014
434,3.4256448168365883
435,3.417784528717692
436,3.4320494661218675
437,3.4217025908822007
438,3.4150318313969485
439,3.4136578409735825
440,3.4151171088639343
441,3.4103894073163956
442,3.4038723435468308
443,3.401968602353436
444,3.39533296606201
445,3.382018079479929
446,3.367954399797137
447,3.37126805313679
448,3.367601901608736
449,3.364414041044142
450,3.3621536628023088
451,3.3651938149171223
452,3.3632759415501083
453,3.3602507944128606
454,3.3546738339917366
455,3.3524581161918374
456,3.3566256075497267
457,3.3456482533533447
458,3.348170079958899
459,3.348158109450181
460,3.325430131802378
461,3.323176207151841
462,3.3413049687021723
463,3.3436971320332263
464,3.3514711124642234
465,3.3480783839816795
466,3.349661834320011
467,3.3394036004107845
468,3.3398855530921363
469,3.3404427929241205
470,3.3342209553063706
471,3.3282319844337214
472,3.319080135577981
473,3.312031336909696
474,3.3212296891928705
475,3.3250904373611916
476,3.311124721931247
477,3.310940809824549
478,3.3058398528788975
479,3.3060081487595836
480,3.304783247055071
481,3.3079297334297926
482,3.310291711571576
483,3.3055332848216543
484,3.30169473999198
485,3.3100135283449834
486,3.306598528120923
487,3.298082831203135
488,3.3038013841353915
489,3.302469072973802
490,3.3064719153685544
491,3.316140427945265
492,3.3111866494220954
493,3.3195041508667833
494,3.3214569952720097
495,3.318419848213766
496,3.3069921161865867
497,3.3027780527699537
498,3.308630046356477
499,3.310535663617982
500,3.31908299380613
501,3.3100778039431873
502,3.3043566214371847
503,3.3009611332379247
504,3.2983569647634225
505,3.2883838105674035
506,3.285719454690967
507,3.276170680309186
508,3.2680799841042063
509,3.273751855412937
510,3.2705737655300027
511,3.284526347089983
512,3.281691752891449
513,3.2698158749636312
514,3.2697093638044077
515,3.268548955981768
516,3.276388111652552
517,3.2816797910079893
518,3.2717990614024783
519,3.277477966765139
520,3.2810048696086844
521,3.273156298682248
522,3.274735004515351
523,3.279174535741772
524,3.2718144842056756
525,3.2635130046471708
526,3.2600743215015977
527,3.262373871474953
528,3.268044803069061
529,3.277052931834995
530,3.267380442427832
531,3.266866997775312
532,3.2621009827673686
533,3.2673616267213528
534,3.272472904535224
535,3.2642595609937866
536,3.2719512074062336
537,3.271077939314211
538,3.2671890666290446
539,3.2819353490764147
540,3.281758042396062
541,3.285990247736285
542,3.2950665087793487
543,3.289765657457656
544,3.2855379923177717
545,3.2856316771897984
546,3.287527747596667
547,3.282947145167087
548,3.2764095129072026
549,3.2688204644545262
550,3.254345682114666
551,3.2589468613344352
552,3.2548396023436394
553,3.249096220802046
554,3.240082850821053
555,3.247855219472325
556,3.2444121078326615
557,3.2279672735820744
558,3.217948352117933
559,3.210972276408091
560,3.213202183171794
561,3.221589715767357
562,3.2259339927773
563,3.2177891509913685
564,3.2091270951751962
565,3.2176792338399003
566,3.2040428250196062
567,3.1945439351304707
568,3.1994084918567665
569,3.2056038482850475
570,3.2133031466277853
571,3.2215817639965625
572,3.216040269161449
573,3.2047263829349726
574,3.2051118141429913
575,3.1994881480650523
576,3.203816208961666
577,3.2071961959569726
578,3.2180202106983096
579,3.2130392169289883
580,3.2164713210430196
581,3.2259075048802432
582,3.224162414975586
583,3.2179611916762996
584,3.2143395836801614
585,3.2097113977738934
586,3.2137032119756226
587,3.2040120065121864
588,3.1956146493468243
589,3.190397176957913
590,3.192886318888216
591,3.1814518966472645
592,3.182038353710043
593,3.182489177075261
594,3.1874682739008193
595,3.2017910086013175
596,3.201763389781359
597,3.2058041794712158
598,3.2069528051648604
599,3.206379670998689
600,3.2156473578474674
601,3.2217713586875463
602,3.205090647217555
603,3.211087655040698
604,3.2101166978105136
605,3.201041052529515
606,3.200732308924035
607,3.1998605155794264
608,3.1985103778696073
609,3.19681179007125
610,3.1861324440064083
611,3.180051267553463
612,3.1845914993570643
613,3.189606087425558
614,3.188002667991566
615,3.17635801440461
616,3.170695845839225
617,3.1665222538799056
618,3.1759016770745823
619,3.1813540464335914
620,3.179658771098606
621,3.1821631019452266
622,3.1719938172779574
623,3.1684653730380528
624,3.1646486016739
625,3.167197447816249
626,3.1647456831830048
627,3.170247186198079
628,3.1729821279898602
629,3.168989252993718
630,3.156592901897224
631,3.1474872048042246
632,3.157371762849383
633,3.163344160005071
634,3.1427973533872633
635,3.1484653317872366
636,3.1367826338357223
637,3.1486172678032687
638,3.145742058938862
639,3.1425363244382694
640,3.141224275100206
641,3.136925080979442
642,3.1233077512049148
643,3.125181969262192
644,3.1134039217672522
645,3.101936589848964
646,3.0986438379817907
647,3.0951603012111804
648,3.0994732666994795
649,3.095076123330631
650,3.092477275412238
651,3.08466185709527
652,3.0840264052317177
653,3.084890621469155
654,3.075134472735175
655,3.0778528400789456
656,3.0668306242529764
657,3.062166883205275
658,3.0631347099663375
659,3.0534557600553316
660,3.0603602225332165
661,3.0532627026251222
662,3.048424009880493
663,3.0465428989937076
664,3.050107124817338
665,3.0408893438213744
666,3.0495232275557513
667,3.0531803602834935
668,3.0649875922120984
669,3.062612982289146
670,3.076124939433081
671,3.0716676070846876
672,3.076242529037582
673,3.0857039039818823
674,3.08463015935957
675,3.085716697007742
676,3.0813647010016534
677,3.0745640817467064
678,3.0830494654202965
679,3.0916927861594443
680,3.0742718336037917
681,3.080270937999042
682,3.0767298055926506
683,3.0775558528877864
684,3.0766331274011427
685,3.074497759616748
686,3.0738139721379247
687,3.083111447492668
688,3.0825987917974174
689,3.1003995825504114
690,3.09947855523945
691,3.0879800050371387
692,3.076590893911106
693,3.0566232605123953
694,3.0595509075301104
695,3.071592993539408
696,3.0748043752230636
697,3.0848263086568872
698,3.0917639754818858
699,3.078404035317563
700,3.065324602365772
701,3.068623358953263
702,3.0665290158995515
703,3.05018854656896
704,3.040585785042514
705,3.042273906354811
706,3.050578030060203
707,3.042808795476901
708,3.0427586786744
709,3.052561033284381
710,3.045700765738814
711,3.044833197430206
712,3.038584913336894
713,3.036691800005712
714,3.038873335207606
715,3.0334816708771877
716,3.0502948142963713
717,3.0493063697203158
718,3.0395113011732646
719,3.045079657585244
720,3.048424660854816
721,3.043986668893313
722,3.036042711310769
723,3.0284296712423617
724,3.032507622151374
725,3.02686641386485
726,3.0349382905440443
727,3.044574241922604
728,3.0471278131325956
729,3.0451403394643384
730,3.041749975933504
731,3.0411083308470035
732,3.0450492130946314
733,3.0317598199714855
734,3.0293224747057907
735,3.0373061547996945
736,3.0365167943444082
737,3.025385906638296
738,3.032581841771316
739,3.0232236604226492
740,3.026619395545743
741,3.0204502571473926
742,3.0180757440535118
743,3.0127167599933835
744,3.0241657160382087
745,3.0207765678095404
746,3.042194802617153
747,3.0417186827484413
748,3.042182492263363
749,3.04041772752492
750,3.0411645589869614
751,3.035158453153702
752,3.039389986672775
753,3.0473750352212163
754,3.0472154461722525
755,3.031375107289543
756,3.0260546448480397
757,3.0132703652499857
758,3.023212504088164
759,3.0272747239612707
760,3.013490142731469
761,3.01434910813289
762,3.0074737419024236
763,3.0121430607506006
764,3.016622162786618
765,3.01140744296821
766,3.008330957767431
767,3.0044666864903875
768,3.0017914793402456
769,3.001401033047336
770,2.9944039799186815
771,2.9859410908363824
772,2.983074337960823
773,2.9918642870440744
774,2.987568814581824
775,2.990192100480083
776,2.9874938257745294
777,2.987364885389886
778,2.973646989783722
779,2.9833549596419178
780,2.9730542203458876
781,2.9763882275063884
782,2.9840424050745504
783,2.982283162113456
784,2.9859031882729195
785,2.9704567436877647
786,2.9655042581040236
787,2.9595396168693546
788,2.963296010621529
789,2.968207668067748
790,2.9748823357240832
791,2.9802654233560615
792,2.9833418075875806
793,2.983445347091014
794,2.9898794449403203
795,2.976724743761877
796,2.9718714892092812
797,2.962025773749977
798,2.955636590336679
799,2.9598746072592066
800,2.9488591216777404
801,2.943552000287762
802,2.928547235146574
803,2.941055956706048
804,2.944541758361865
805,2.9331344751121984
806,2.9519444533409938
807,2.9511926071654906
808,2.9492916248212846
809,2.945583695458577
810,2.923332310291971
811,2.9347866850537088
812,2.9356779588828408
813,2.9311217344692775
814,2.935515948439326
815,2.9427573014194284
816,2.944501217449684
817,2.935073297652334
818,2.9376856658469572
819,2.9350127940307447
820,2.9463275210742026
821,2.9372972110757902
822,2.941622011548002
823,2.9448456456774803
824,2.9471865004289763
825,2.944494622020839
826,2.9561679345523046
827,2.9545446855869884
828,2.9623909624312965
829,2.9589489579498682
830,2.95562157097309
831,2.962001385387845
832,2.953303681802962
833,2.945154446008407
834,2.9524558949077853
835,2.9337695339545102
836,2.933245867914286
837,2.939539535745989
838,2.936305322954814
839,2.9265754707398735
840,2.91938905550595
841,2.9167358478096927
842,2.9263814787247195
843,2.926893309272279
844,2.9172197100928448
845,2.913493510240363
846,2.9114468597832763
847,2.9194769738406214
848,2.925146365600403
849,2.917144571955698
850,2.9210452412117642
851,2.9284099465431437
852,2.9126058637629533
853,2.916065300360725
854,2.903097983809943
855,2.8882824090937804
856,2.8876573177604903
857,2.8995980636087633
858,2.89458426684312
859,2.8782166124151485
860,2.869015461874805
861,2.8672151270897808
862,2.8754714447480483
863,2.876773634782527
864,2.872165561983525
865,2.8745395255149027
866,2.8931462403593056
867,2.8878627553219314
868,2.8886634566290157
869,2.880955697596851
870,2.8649981989718913
871,2.8743412222012448
872,2.8703572848704795
873,2.8674699757798487
874,2.8619333862849845
875,2.8703156035750443
876,2.8564653173614407
877,2.855573895250998
878,2.860252978942275
879,2.850212320103651
880,2.843178984715229
881,2.849492881033819
882,2.84180984960725
883,2.8243743058382824
884,2.8294031443717467
885,2.834915645062553
886,2.832824379983192
887,2.8290557257766658
888,2.83309344279899
889,2.839699662096571
890,2.8285512373337225
891,2.832679922701381
892,2.826559232230374
893,2.808859612770497
894,2.803735626654067
895,2.805321783096022
896,2.795912100629911
897,2.791252205837826
898,2.794197851981329
899,2.78512148046228
900,2.779232003137927
901,2.7823962121736887
902,2.77722317795508
903,2.7842102098417802
904,2.79528971170931
905,2.816152162082707
906,2.825283387692103
907,2.8257998093185455
908,2.8216148903972655
909,2.826964459464591
910,2.8237565930320416
911,2.8156508551887587
912,2.8145441084612726
913,2.8189861373140266
914,2.816488323234733
915,2.8251338548879374
916,2.8088313261717084
917,2.820062743032679
918,2.8228893688166834
919,2.8257368594708505
920,2.826446257113153
921,2.82517242429137
922,2.80413744447237
923,2.8041043650878015
924,2.7863231652164377
925,2.7741602366690556
926,2.7808255692569896
927,2.780213205341107
928,2.7741875528369606
929,2.780926955254927
930,2.7866788624589165
931,2.777752777230868
932,2.766957033949616
933,2.7596247810260914
934,2.7701231824586428
935,2.7812910455334343
936,2.75980989922829
937,2.76879314532141
938,2.7796533003722343
939,2.7597428580632783
940,2.7673129279897046
941,2.771468162289377
942,2.77271840548869
943,2.772434712425254
944,2.7708780655529233
945,2.7750183120174037
946,2.776697250809539
947,2.77033950485384
948,2.7654395492644683
949,2.7664041769686336
950,2.7635418414646233
951,2.7832452344492227
952,2.779628655633866
953,2.7793857954496763
954,2.778024330479591
955,2.7806331237212363
956,2.7696070317479733
957,2.7899083874474093
958,2.7969139966127887
959,2.79617391478218
960,2.7811646732552595
961,2.7837359805127537
962,2.778622999217066
963,2.781490977311785
964,2.796262108206175
965,2.7941605039173876
966,2.7889006016997286
967,2.7796179775824545
968,2.7832312850364924
969,2.7734171166815793
970,2.7781692936081206
971,2.769058645204265
972,2.7670394692955225
973,2.7807977029115873
974,2.778451939126787
975,2.770223767276496
976,2.763018654962476
977,2.7651534406553617
978,2.7654463481704754
979,2.779402195434803
980,2.7808833381235427
981,2.780397463606282
982,2.772849200495243
983,2.767348794551444
984,2.773136308780476
985,2.769989759168631
986,2.7621077109570558
987,2.7513248203928757
988,2.742636195301882
989,2.7501926222501973
990,2.7544029165412827
991,2.771280577644761
992,2.765531909785472
993,2.753352731173945
994,2.7560294044220717
995,2.7626459711386815
996,2.7507509338770664
997,2.743169227293992
998,2.742961759467195
999,2.734661532783813
1000,2.726963166075042
1001,2.7139007066619762
1002,2.7067194009011737
1003,2.723410835164434
1004,2.7219533947932364
1005,2.727753927949693
1006,2.7312481881295096
1007,2.7431120492079586
1008,2.7453155513808922
1009,2.7389239307637516
1010,2.7363144203599026
1011,2.7362305385219
1012,2.725649263384898
1013,2.719071287539414
1014,2.7135614988162824
1015,2.7029917493568827
1016,2.6932797553491215
1017,2.6816732283665776
1018,2.6916065480731266
1019,2.683357716908179
1020,2.681157578274226
1021,2.69118344960847
1022,2.696247191919154
1023,2.684713021028641
1024,2.683785041524145
1025,2.6840534968530276
1026,2.6921266441730043
1027,2.6897782026656483
1028,2.6872202398361376
1029,2.6706507851563424
1030,2.668803443251888
1031,2.6617326162774346
1032,2.670026986936036
1033,2.6820787376983346
1034,2.6770571706178004
1035,2.6837114617832607
1036,2.6778409917481443
1037,2.6645173368216866
1038,2.6565780014289664
1039,2.656832325654088
1040,2.650050181932266
1041,2.6382071314728903
1042,2.617647382771255
1043,2.6189179763173236
1044,2.616917094362419
1045,2.6291094290554615
1046,2.651155861613461
1047,2.6403909571741453
1048,2.641633888620705
1049,2.6423460021730683
1050,2.6335079278906783
1051,2.636662481828786
1052,2.654648409956738
1053,2.6581934147480553
1054,2.65430616346332
1055,2.6572138931052476
1056,2.6612749141863743
1057,2.6595371763200735
1058,2.6636118640777084
1059,2.6605864885213757
1060,2.6601930674537666
1061,2.6622714882883844
1062,2.653079498956973
1063,2.659888066542999
1064,2.655648958492491
1065,2.6468865386821854
1066,2.6420622603663926
1067,2.6497490862747695
1068,2.647616918559237
1069,2.645254008860981
1070,2.6409799449116145
1071,2.6380802773283567
1072,2.6412941638334906
1073,2.6338962179938057
1074,2.6388437081767266
1075,2.631188877714027
1076,2.631072064119311
1077,2.6498718091685025
1078,2.6544667678471927
1079,2.6551529772606193
1080,2.659612301702337
1081,2.659162447382296
1082,2.66275835161688
1083,2.6631873261831
1084,2.659868310025007
1085,2.663055033111708
1086,2.6601434251595832
1087,2.647665762492302
1088,2.64965094169862
1089,2.6531376281265673
1090,2.6663221664170464
1091,2.6760630348913907
1092,2.6839186065011607
1093,2.6937834071102458
1094,2.6959757074349704
1095,2.6822238108914997
1096,2.682666708462617
1097,2.684749715488674
1098,2.6692838304375073
1099,2.68134971971092
1100,2.6836106805904563
1101,2.6887382415392658
1102,2.693255277483238
1103,2.691895595598364
1104,2.690630684135096
1105,2.6744478795387847
1106,2.6784123222813587
1107,2.6663229682789544
1108,2.673069140097398
1109,2.670297827066832
1110,2.666947892759999
1111,2.6632799276530967
1112,2.6872447063902234
1113,2.6830546283583097
1114,2.6767721109258376
1115,2.676007026039946
1116,2.667837566061038
1117,2.649137124048727
1118,2.665854671990578
1119,2.66839195929559
1120,2.6557837641285094
1121,2.6558997253819228
1122,2.648588633460971
1123,2.6485223662128186
1124,2.643768479099535
1125,2.6378903798134425
1126,2.633136478193376
1127,2.627159540624802
1128,2.620899875494654
1129,2.616942319826458
1130,2.618995024639731
1131,2.6130689245307916
1132,2.6051604319366066
1133,2.6013456176037226
1134,2.603687039097041
1135,2.592865899727638
1136,2.5885243592158957
1137,2.5791987348219956
1138,2.5894656519283994
1139,2.584625765003824
1140,2.580793768268983
1141,2.592437897718998
1142,2.5781888394228614
1143,2.5942107615111665
1144,2.586308835782257
1145,2.5795282412526657
1146,2.583692202420013
1147,2.5867768317246713
1148,2.585741756389048
1149,2.59294839911464
1150,2.5924628138757044
1151,2.5848335010017434
1152,2.5953385991946067
1153,2.5917782579799935
1154,2.5857940241886594
1155,2.588050260040536
1156,2.5900309514986533
1157,2.58191202187416
1158,2.5959598123896437
1159,2.5883719190830887
1160,2.5855023524792147
1161,2.5858506598621203
1162,2.591944045486263
1163,2.585297587840856
1164,2.579225185675071
1165,2.584355410937979
1166,2.585129052553861
1167,2.5886493609811603
1168,2.598823189948246
1169,2.59143530746652
1170,2.5855669503344663
1171,2.587897899616449
1172,2.584810086811835
1173,2.5809447698682466
1174,2.5705163892353995
1175,2.5607765829000027
1176,2.5644383291067174
1177,2.5685840116618492
1178,2.563552530938834
1179,2.5427347667194677
1180,2.549533217630626
1181,2.5451495657441505
1182,2.526637280938388
1183,2.520837381193532
1184,2.5348260750115106
1185,2.5340773674103794
1186,2.534929393891545
1187,2.528938835070381
1188,2.5298678059831827
1189,2.53412625198392
1190,2.538892598495747
1191,2.5310063749239564
1192,2.5263688455225464
1193,2.5394047156663104
1194,2.5326706978586113
1195,2.529841863340284
1196,2.531823111638266
1197,2.523035231641527
1198,2.5214312734613973
1199,2.521595337916379
1200,2.522958026312308
1201,2.539083741787464
1202,2.525071892687898
1203,2.5319197971341607
1204,2.526545075454485
1205,2.535119035327696
1206,2.530890325268159
1207,2.5275016293744716
1208,2.514888497444933
1209,2.5070517158908623
1210,2.4980573745154167
1211,2.4910673466328466
1212,2.494371259078731
1213,2.4912204937856224
1214,2.4754648275062228
1215,2.4829336229503696
1216,2.4929060471419016
1217,2.5079756176218733
1218,2.502893735563564
1219,2.5051706543723915
1220,2.503117473483301
1221,2.50850172041079
1222,2.4965885066818156
1223,2.498279166682503
1224,2.491652962407216
1225,2.498823997377065
1226,2.498821774272891
1227,2.4867213618669246
1228,2.491980490020679
1229,2.4941832066428447
1230,2.5016126561968717
1231,2.4967154078055156
1232,2.501401972944567
1233,2.5060454215271055
1234,2.5080824181814627
1235,2.517822805157369
1236,2.500714778855952
1237,2.5104626655158766
1238,2.5151308106977246
1239,2.5174941799261745
1240,2.51623142085052
1241,2.5122981876681014
1242,2.508028619490293
1243,2.504537021470185
1244,2.5126226579989095
1245,2.5036067370626176
1246,2.5091974053631425
1247,2.507903451537856
1248,2.502095891113063
1249,2.5019439612043217
1250,2.4997904863458573
1251,2.497324830112518
1252,2.4903824443884472
1253,2.496918200403888
1254,2.49743854900491
1255,2.503454237235359
1256,2.507160321474207
1257,2.521492466151839
1258,2.5239320850164884
1259,2.5298346562188496
1260,2.5376384465745634
1261,2.5378452021289837
1262,2.537372152456494
1263,2.5426394725108237
1264,2.5446629439841595
1265,2.5408695617614527
1266,2.529408168329142
1267,2.523902942693904
1268,2.513514363228124
1269,2.511201448525885
1270,2.520894126019482
1271,2.515647339945559
1272,2.500394050001351
1273,2.502337569528108
1274,2.5095136173631953
1275,2.506807351873606
1276,2.5085472698290894
1277,2.4993117941931646
1278,2.5057670194745034
1279,2.5094766619700164
1280,2.503895163809565
1281,2.510005849859657
1282,2.5119360321248223
1283,2.499080808143856
1284,2.500638925653686
1285,2.4973883047112726
1286,2.4880198164471445
1287,2.4891145574553843
1288,2.4812205881008342
1289,2.48380457536602
1290,2.4710497122745987
1291,2.4612400431090804
1292,2.4433320307454967
1293,2.454951177689972
1294,2.4546835582662276
1295,2.4511250052003284
1296,2.4545839054873393
1297,2.4640398236429957
1298,2.460180374155487
1299,2.455510166845265
1300,2.444652333044475
1301,2.4467763676984036
1302,2.4534456755723335
1303,2.457953133653153
1304,2.4566748684118407
1305,2.4418646015918957
1306,2.444922016291506
1307,2.4252417643042925
1308,2.4404915026042753
1309,2.4368250507765215
1310,2.4482274901589296
1311,2.4344434349869206
1312,2.4258683312612566
1313,2.4222263534112676
1314,2.416105782715649
1315,2.414110277038576
1316,2.4106872610694903
1317,2.4040045048618714
1318,2.408269244485416
1319,2.4030584475901247
1320,2.4092632355720993
1321,2.4149913203030464
1322,2.4172985832635714
1323,2.4235657480067956
1324,2.4371244157723186
1325,2.4330328467590627
1326,2.4298769071646396
1327,2.435806324402538
1328,2.4288213370283893
1329,2.4218520991145005
1330,2.421312272402794
1331,2.415198793868714
1332,2.4103338512951815
1333,2.4156662984208217
1334,2.437096185022608
1335,2.4436978848847892
1336,2.443048577951341
1337,2.440432429685793
1338,2.4541275683600423
1339,2.4411086017271657
1340,2.4440785751404106
1341,2.432810572820768
1342,2.439188792939953
1343,2.4298046101174484
1344,2.456496259131992
1345,2.460058374733742
1346,2.468774008109634
1347,2.465307417498769
1348,2.478911107617025
1349,2.4770138467803937
1350,2.4861079171481304
1351,2.4893892913484024
1352,2.470168134962745
1353,2.4736463510249713
1354,2.454977976192229
1355,2.455035781426959
1356,2.458688897674825
1357,2.4612969504259716
1358,2.4580900936464025
1359,2.447036875852205
1360,2.4618038007516114
1361,2.47487849051292
1362,2.470684722580597
1363,2.467006283742369
1364,2.4693786877940815
1365,2.4582032709939465
1366,2.4697259716333972
1367,2.460261737260712
1368,2.449023989047426
1369,2.436311222956108
1370,2.4325555115473776
1371,2.4276070348477248
1372,2.4251340155256877
1373,2.4156524984270766
1374,2.4033360934077614
1375,2.4284384323187638
1376,2.412316329218603
1377,2.4062819665578745
1378,2.3985419925662232
1379,2.4140922093174595
1380,2.4159781287702575
1381,2.412445436225635
1382,2.4090525664796303
1383,2.406530183555124
1384,2.3871640840186337
1385,2.398654931293227
1386,2.403497594427052
1387,2.3948639143898425
1388,2.3825102045063793
1389,2.3851402465729303
1390,2.384749916296896
1391,2.3902892368501543
1392,2.3736298374923877
1393,2.3844368614716505
1394,2.385645356780789
1395,2.3827746556760636
1396,2.3857629432512995
1397,2.3881303556285296
1398,2.3845004363006246
1399,2.3784873919674356
1400,2.3563067312180173
1401,2.35808991445921
1402,2.3631506592147646
1403,2.357485377650206
1404,2.350996430384822
1405,2.3533218849542954
1406,2.356252914806312
1407,2.3546179471742117
1408,2.355946135661448
1409,2.3522822822475162
1410,2.347443982668374
1411,2.347689807884168
1412,2.3428737913058777
1413,2.3381548091533033
1414,2.3341245687528587
1415,2.324340883364074
1416,2.3276257994734277
1417,2.3266468503887334
1418,2.325847728637272
1419,2.333204617508295
1420,2.3389892904834357
1421,2.351718289895116
1422,2.365655698459442
1423,2.3607297899097612
1424,2.3704893900634736
1425,2.363012128869473
1426,2.373607340564122
1427,2.379433804705044
1428,2.3690586897299544
1429,2.3722631863690973
1430,2.364867227806715
1431,2.348179011203214
1432,2.3477910014236927
1433,2.3531709382566524
1434,2.3538795745522854
1435,2.361824056937647
1436,2.362643250189855
1437,2.3703981597666965
1438,2.371351697193859
1439,2.366032949328337
1440,2.3611877299129147
1441,2.35394969780646
1442,2.3494481448276052
1443,2.3374788198616154
1444,2.3347218813557173
1445,2.326431419745665
1446,2.3187066028324783
1447,2.3282589459734777
1448,2.3175936388077076
1449,2.321814025913343
1450,2.3394223364203492
1451,2.3275722957063567
1452,2.3343027354864687
1453,2.3436893428871026
1454,2.3517158761852524
1455,2.3406695940565925
1456,2.3449916002699007
1457,2.3441284815143404
1458,2.357026241589319
1459,2.3686010750634416
1460,2.3554529822744725
1461,2.3455382399791387
1462,2.3472023251039
1463,2.3373322596413995
1464,2.3374173626055272
1465,2.3273341760548405
1466,2.3173239807523123
1467,2.330992526931066
1468,2.319966617987925
1469,2.318904042818204
1470,2.3187304323406543
1471,2.3234854008969617
1472,2.3177879346317156
1473,2.302208887364546
1474,2.3074990625031546
1475,2.3179025937224793
1476,2.318094018563638
1477,2.333759370736042
1478,2.3252659798931794
1479,2.3222251726397007
1480,2.3148053440995735
1481,2.324964892453982
1482,2.3315666486895896
1483,2.315059412675398
1484,2.3031755702688623
1485,2.312184377128344
1486,2.3041589194871364
1487,2.304773539068352
1488,2.302847070767431
1489,2.2949909320575506
1490,2.284639874453086
1491,2.278800071663659
1492,2.2791806204295666
1493,2.2758858021117927
1494,2.279425961297432
1495,2.2771463288819747
1496,2.281159593587931
1497,2.2868371647889667
1498,2.283040953693836
1499,2.2797111187052197
1500,2.27835263987262
1501,2.276344075509757
1502,2.2730368514591532
1503,2.289732987954952
1504,2.2970322415341937
1505,2.296043120111476
1506,2.296515500715552
1507,2.287218926710506
1508,2.28860916340797
1509,2.293520054839317
1510,2.2856793935509034
1511,2.289865603907996
1512,2.3084912392704577
1513,2.3020680992353406
1514,2.3122680223108354
1515,2.3191723261589776
1516,2.312865358849289
1517,2.303981162256922
1518,2.302823885569552
1519,2.297501710131864
1520,2.2989800410681416
1521,2.288857560888209
1522,2.279569042184466
1523,2.2729836521899585
1524,2.270064903044511
1525,2.2674900264607056
1526,2.2597588452212887
1527,2.257323380796833
1528,2.2522241857293124
1529,2.2514889158120486
1530,2.2459350269481733
1531,2.248285592533443
1532,2.2489095428490926
1533,2.2590379659294166
1534,2.2651248878996695
1535,2.265328576308794
1536,2.266825979585639
1537,2.267625858737461
1538,2.279887580708425
1539,2.289807014310333
1540,2.296685167165373
1541,2.3016515598805602
1542,2.300802165747311
1543,2.304989800608749
1544,2.308231185345615
1545,2.298532886252132
1546,2.303797017333965
1547,2.3062478763442806
1548,2.3008897919905675
1549,2.3108724582671987
1550,2.3186620510673395
1551,2.3277479743165848
1552,2.314590849324358
1553,2.3211097657204447
1554,2.3190642299795883
1555,2.3183579939025143
1556,2.3225392930255953
1557,2.3085241447805656
1558,2.3133498553805873
1559,2.3140566406801004
1560,2.314057713274849
1561,2.3144412867709576
1562,2.3164281677067624
1563,2.320665856134626
1564,2.3232741067162612
1565,2.3098708236102152
1566,2.3116695077905747
1567,2.305161709795913
1568,2.2999660565952413
1569,2.297164008495704
1570,2.298086948398373
1571,2.3003448405299984
1572,2.29581353371468
1573,2.296709273654922
1574,2.295174693742165
1575,2.292141599351993
1576,2.2952421414356325
1577,2.290292007935628
1578,2.2828692277788676
1579,2.2877487318211376
1580,2.280949812895944
1581,2.2836165136879143
1582,2.2747391900863434
1583,2.2751850842807566
1584,2.283282757938423
1585,2.2789080392156964
1586,2.2814315198156416
1587,2.27874419255838
1588,2.286662432606975
1589,2.2967390700212733
1590,2.3071520387957527
1591,2.3167328056532672
1592,2.3140893197056256
1593,2.310586937784828
1594,2.2995171388921074
1595,2.2985741703599776
1596,2.316255735203185
1597,2.3168865705553
1598,2.313188011623635
1599,2.3113501890682713
1600,2.308416396674947
1601,2.301967387182081
1602,2.2905072495772796
1603,2.283700581308468
1604,2.2786932370269803
1605,2.274432480548251
1606,2.2730908246871895
1607,2.2618561485842084
1608,2.258579928126281
1609,2.2392772282402
1610,2.2335284623482097
1611,2.2247983325848337
1612,2.2378112955751903
1613,2.25039549466667
1614,2.2407196721122915
1615,2.2392609499545832
1616,2.249133634916876
1617,2.242433069084423
1618,2.241922769981246
1619,2.2294659220533966
1620,2.2238594276894657
1621,2.2362931414475096
1622,2.252606786472455
1623,2.2637268953757608
1624,2.2541420062954494
1625,2.2583411555038397
1626,2.2669370710372108
1627,2.2630482348345935
1628,2.276667678447173
1629,2.271469445911075
1630,2.2688707384394347
1631,2.2678185422500374
1632,2.263903895349938
1633,2.254331017896589
1634,2.2459421933658956
1635,2.24667763927774
1636,2.2527799150172525
1637,2.252718405304598
1638,2.259685034115449
1639,2.245321584573754
1640,2.2585896821715434
1641,2.258167517513345
1642,2.2565506813067144
1643,2.2439992240350493
1644,2.233563608002364
1645,2.2360072580656554
1646,2.2290811007516673
1647,2.2348000498644747
1648,2.2309073564837996
1649,2.252046171780337
1650,2.259271860875799
1651,2.2527890450956503
1652,2.2473783368708666
1653,2.249618935694285
1654,2.245291463240473
1655,2.2477238696011543
1656,2.242511107040744
1657,2.234815106627977
1658,2.233135448441659
1659,2.2415463201388386
1660,2.2377436308637693
1661,2.2391846439388057
1662,2.244308865873945
1663,2.235345535445696
1664,2.2389436923663433
1665,2.233691206081766
1666,2.2244131237058395
1667,2.223571793864084
1668,2.2132339753691523
1669,2.2163439774597644
1670,2.2130337928613733
1671,2.2151592290537234
1672,2.212873269153619
1673,2.2078411207411044
1674,2.2053492669783714
1675,2.21733491165405
1676,2.2068877231659214
1677,2.216927553316219
1678,2.211648261393359
1679,2.208123276683676
1680,2.2079383199913685
1681,2.2042672993966157
1682,2.1938320918993957
1683,2.1938812929303415
1684,2.1819372959947008
1685,2.1875305919463086
1686,2.1949596873108463
1687,2.2160102335239173
1688,2.2145184534036604
1689,2.223718196588885
1690,2.234147338982646
1691,2.226739636530889
1692,2.222838286456359
1693,2.2065525210917474
1694,2.2032716422448013
1695,2.2044485948196035
1696,2.222494871877177
1697,2.2188894568775255
1698,2.2206826158314397
1699,2.208889258956112
1700,2.2089447144691525
1701,2.209541694901701
1702,2.1976477958293756
1703,2.1985183938995405
1704,2.1919426963153117
1705,2.1925932807874187
1706,2.209762055773927
1707,2.2187683315519724
1708,2.216240321087045
1709,2.2062167791156395
1710,2.2117443486300115
1711,2.2055050516162966
1712,2.206769091370992
1713,2.2053357257039625
1714,2.201483019084902
1715,2.197305507954571
1716,2.186692069095157
1717,2.1950387543595764
1718,2.174389591500072
1719,2.178069988042775
1720,2.1736023616722524
1721,2.173341042035295
1722,2.1762555061993996
1723,2.18177059076797
1724,2.19243384841524
1725,2.1998171823349626
1726,2.2062713996838212
1727,2.208935072169418
1728,2.2257998939736976
1729,2.227232689516254
1730,2.225809521589361
1731,2.234180805840093
1732,2.2428548136056445
1733,2.251764159278664
1734,2.2445023058183624
1735,2.2383378980965665
1736,2.2330225513866235
1737,2.223327862835542
1738,2.2197197439628686
1739,2.2219718530019077
1740,2.222901036593115
1741,2.231483989695863
1742,2.230558446102488
1743,2.226449764272065
1744,2.2311256753161217
1745,2.23704422170092
1746,2.2361627819285874
1747,2.250037461721776
1748,2.2388740586178346
1749,2.224230432171623
1750,2.2078613206506272
1751,2.1910047627014393
1752,2.1960055799977334
1753,2.202766546916121
1754,2.1859342066899896
1755,2.182826151255087
1756,2.164894684466869
1757,2.1800908357873485
1758,2.1789227431442515
1759,2.193280853843179
1760,2.2010714353270453
1761,2.1846118126402065
1762,2.1925869610294972
1763,2.1930750484333443
1764,2.183533460032215
1765,2.180409436051753
1766,2.169327340914281
1767,2.1583863737918914
1768,2.1540730288228476
1769,2.1498712694715487
1770,2.146330042309312
1771,2.1434637183402088
1772,2.139150017572582
1773,2.130275380978468
1774,2.1187854049116464
1775,2.11690051412926
1776,2.113995261028693
1777,2.1218658662672056
1778,2.133735827405597
1779,2.136423285016793
1780,2.1264947220175556
1781,2.1317298656964936
1782,2.1391325944613824
1783,2.130680037166063
1784,2.135847488039846
1785,2.149880976522375
1786,2.1562169695816324
1787,2.1546779364025386
1788,2.1584098632327717
1789,2.1464885632626616
1790,2.1487145158063155
1791,2.147771392841164
1792,2.157115468233896
1793,2.165110131509671
1794,2.1696129157018573
1795,2.1640714822389993
1796,2.158948657638768
1797,2.1627834179407284
1798,2.1738028011208406
1799,2.1885006296049903
1800,2.207080888156174
1801,2.2151321143248426
1802,2.2067767294070926
1803,2.198578283809693
1804,2.200028325460273
1805,2.2012851179389377
1806,2.198577565323393
1807,2.1805624944493442
1808,2.18430768086503
1809,2.1952508857080395
1810,2.188036344619354
1811,2.1958779484661144
1812,2.194813103586449
1813,2.188489165459586
1814,2.189452032473472
1815,2.1979991189792236
1816,2.193648748849507
1817,2.19230316538805
1818,2.1969574782871653
1819,2.176074436201878
1820,2.176491278757171
1821,2.168443148764015
1822,2.1644645056728904
1823,2.1584783619169556
1824,2.1459489300099963
1825,2.149531202766851
1826,2.1630131258476553
1827,2.178288775802984
1828,2.193456795032091
1829,2.1878323027536313
1830,2.181147358377058
1831,2.172304662546828
1832,2.167129559176414
1833,2.171904592428989
1834,2.178069880881575
1835,2.182442737335696
1836,2.17420648046235
1837,2.1717883088440177
1838,2.1672698310353313
1839,2.178448199110335
1840,2.1797902096641564
1841,2.1748104109233495
1842,2.1824305785867155
1843,2.1852183914695136
1844,2.180598444510326
1845,2.1758020017846267
1846,2.178506514389182
1847,2.170468379965347
1848,2.175323390379921
1849,2.1745947999205257
1850,2.176183267665283
1851,2.174347454330084
1852,2.172324470003167
1853,2.1854133494235413
1854,2.18832991253937
1855,2.1859854841731434
1856,2.1858295624730313
1857,2.1798980100962977
1858,2.1888445725851042
1859,2.201756672588204
1860,2.178292597036415
1861,2.188152405088952
1862,2.1823465862299205
1863,2.171240202238554
1864,2.168627367484445
1865,2.17941070076275
1866,2.1885715410374176
1867,2.1773006738225065
1868,2.1682635496009857
1869,2.177609599873622
1870,2.184006934745053
1871,2.17754188091933
1872,2.164352206049465
1873,2.173423793191908
1874,2.161322356225489
1875,2.1572041759027702
1876,2.1508650776422997
1877,2.156669902487907
1878,2.1561215850711837
1879,2.1521600530893528
1880,2.155629728638468
1881,2.1402745839786244
1882,2.144720348416778
1883,2.135132760866545
1884,2.13687401663349
1885,2.129444622680859
1886,2.1219793900857873
1887,2.1246377138058326
1888,2.1185925575466933
1889,2.1190729204568646
1890,2.1233152688111576
1891,2.1132955524859254
1892,2.1134953473866536
1893,2.108087036621325
1894,2.112862752806311
1895,2.1084953929827677
1896,2.10804503625172
1897,2.1106563666687483
1898,2.108834175891158
1899,2.1104845138342707
1900,2.118238593673105
1901,2.1108148100561155
1902,2.1087724330481827
1903,2.1007498785191867
1904,2.1034451693413048
1905,2.1101445229462303
1906,2.102059509161208
1907,2.102999121460258
1908,2.1129533757639845
1909,2.102777720926133
1910,2.099737776682805
1911,2.1051240629928603
1912,2.1242194685964217
1913,2.1205327876356255
1914,2.116331385528014
1915,2.1100769962938806
1916,2.1052192369866938
1917,2.1111971123794855
1918,2.1208996936272717
1919,2.1124459720017095
1920,2.1100401903732124
1921,2.1210106396939685
1922,2.1236459945691637
1923,2.1251204598248363
1924,2.1178616423294288
1925,2.1187022042215937
1926,2.1028122183028874
1927,2.109373584640703
1928,2.1152480269372935
1929,2.1017252558127493
1930,2.092745736834673
1931,2.0970694599721873
1932,2.0995939214294497
1933,2.094321655959097
1934,2.0946813378172093
1935,2.095226072844379
1936,2.1001604183491938
1937,2.100943930425051
1938,2.097840298318776
1939,2.1003750221418507
1940,2.1031240794721056
1941,2.110614455240932
1942,2.111355833881168
1943,2.1053458472484503
1944,2.1116131980592456
1945,2.1009620663926727
1946,2.1056289837296247
1947,2.1066695488749607
1948,2.1087503885622554
1949,2.104081041875079
1950,2.0989080914849687
1951,2.111451929464431
1952,2.095289763184157
1953,2.1000556762548075
1954,2.1094074432805376
1955,2.108757382185999
1956,2.098772382015145
1957,2.1136653011147666
1958,2.1135014261652296
1959,2.0945314553933145
1960,2.0996339746494055
1961,2.0930018948286784
1962,2.092136850002558
1963,2.0826982881039315
1964,2.085944193019414
1965,2.097632162315892
1966,2.0995992709359372
1967,2.0983708118103745
1968,2.088945808407432
1969,2.101646070954132
1970,2.099283360454521
1971,2.109305683635103
1972,2.103423596093363
1973,2.1118933326361984
1974,2.1230379748384642
1975,2.122924861077315
1976,2.111446273253018
1977,2.122824733783177
1978,2.126186515950067
1979,2.1259832687772886
1980,2.1299388937371666
1981,2.1313106443094023
1982,2.1233869785394734
1983,2.115439015091473
1984,2.1145922676602638
1985,2.106913606234953
1986,2.1231460351875793
1987,2.125712576525887
1988,2.1216144024000627
1989,2.123274954729553
1990,2.110510952218982
1991,2.1186433559630133
1992,2.115044829217109
1993,2.1214383215895665
1994,2.1337925496331653
1995,2.1313516604403864
1996,2.1379567873602308
1997,2.1291893171786205
1998,2.139424897744555
1999,2.1409685220704313
2000,2.125865022944067
2001,2.1281888987385447
2002,2.1276950598234983
2003,2.116587342068682
2004,2.112730876786384
2005,2.1061665866511357
2006,2.102017317319952
2007,2.0995966935155694
2008,2.1127122091052937
2009,2.0976785614548232
2010,2.12235586690259
2011,2.1158968369661215
2012,2.1030344458891475
2013,2.0952086684952027
2014,2.0879842028972857
2015,2.089604251251567
2016,2.090164338581414
2017,2.0921961578538206
2018,2.097778326985208
2019,2.111874181410789
2020,2.12337818390336
2021,2.12606304401056
2022,2.1251629336496314
2023,2.122649389170519
2024,2.1296799856223325
2025,2.1237608357178943
2026,2.130092594594994
2027,2.1280250419106848
2028,2.114167385844432
2029,2.1038420824911603
2030,2.100758659568537
2031,2.103560132126762
2032,2.0932739657399213
2033,2.09724434595558
2034,2.099167640628321
2035,2.1031133342194637
2036,2.1012181965497807
2037,2.1086740475484027
2038,2.1048395497112353
2039,2.1239033211651877
2040,2.124594315480616
2041,2.116884139539654
2042,2.1018203397529938
2043,2.11015333781051
2044,2.1052457108789384
2045,2.1097081734696044
2046,2.117507567232953
2047,2.1243602839259315
2048,2.127666138290426
2049,2.121277019923039
2050,2.1250209463316723
2051,2.120538499955793
2052,2.1179432170135146
2053,2.1302805236692475
2054,2.1319581068684146
2055,2.1218310403101652
2056,2.1265287634640293
2057,2.138245140022426
2058,2.1362758842915985
2059,2.1462060123106
2060,2.1477344725478833
2061,2.146219330951739
2062,2.139816214669655
2063,2.152425831086899
2064,2.1559387825440286
2065,2.155412549116748
2066,2.1733056432223425
2067,2.1681980669404366
2068,2.1628601631432804
2069,2.162468202597353
2070,2.1554730964721545
2071,2.152826096750323
2072,2.147057486405147
2073,2.143293073960805
2074,2.1402719444326865
2075,2.1443936631061327
2076,2.1235718006619617
2077,2.1189122469218935
2078,2.107721175496056
2079,2.1159807060729072
2080,2.106802522524404
2081,2.0951259577423307
2082,2.0920470418475543
2083,2.0925920634314767
2084,2.0963019487662202
2085,2.0874822119407783
2086,2.080426995014775
2087,2.081330204857237
2088,2.0838513787688857
2089,2.0856876527564667
2090,2.0828843263320223
2091,2.088990583037882
2092,2.095269341582826
2093,2.080392438520027
2094,2.0757455969170544
2095,2.0797958391010782
2096,2.0915013329431433
2097,2.0932067004276087
2098,2.0882431923410425
2099,2.0972500171371373
2100,2.095520324488746
2101,2.1055885470223963
2102,2.1008446554836544
2103,2.0942517125082083
2104,2.0927921218969887
2105,2.0882477282617034
2106,2.0756354712622227
2107,2.0677933696923674
2108,2.0807668212867894
2109,2.0877011469628672
2110,2.0861397285307395
2111,2.0929699176642
2112,2.0905798179296715
2113,2.078328473097946
2114,2.0765803591316168
2115,2.066642747234301
2116,2.0716217980935636
2117,2.068855920915478
2118,2.072779901336074
2119,2.0730542492219985
2120,2.0728335960489237
2121,2.0692838504505793
2122,2.06584087718159
2123,2.072155933809266
2124,2.078932005336271
2125,2.0834683977185358
2126,2.095812628913694
2127,2.0920624799890666
2128,2.0844287578260086
2129,2.0889483410910192
2130,2.09094051449057
2131,2.083507735849705
2132,2.088170215840362
2133,2.083541132099888
2134,2.0826503060590107
2135,2.0799312314604057
2136,2.0749277805441237
2137,2.0668584275638993
2138,2.0578188816682634
2139,2.053173594075176
2140,2.065669895984576
2141,2.0658265071004167
2142,2.081499019368992
2143,2.085055787512939
2144,2.0797134967563715
2145,2.085869409175938
2146,2.0897598233378076
2147,2.0949869720367924
2148,2.0805869161900796
2149,2.0682054635709597
2150,2.0750048819169176
2151,2.0751352578238182
2152,2.0870336906456703
2153,2.0926189110206135
2154,2.1091760100176176
2155,2.098854334770414
2156,2.1018462717908957
2157,2.1097038063763995
2158,2.1065345068466117
2159,2.0990032619940115
2160,2.0916373107206354
2161,2.0984371786021145
2162,2.092666036930462
2163,2.094804967139603
2164,2.0939553881284785
2165,2.1002484768000578
2166,2.0962203521429466
2167,2.0945513814642047
2168,2.097023433591556
2169,2.10695392771398
2170,2.1020025664532507
2171,2.090227784838886
2172,2.0851910044951043
2173,2.079036443799005
2174,2.085286028087937
2175,2.0840171461857984
2176,2.0832979392289865
2177,2.070682742766118
2178,2.067513481421269
2179,2.0521419553566447
2180,2.0579654100714175
2181,2.0563120540995543
2182,2.0398351085353084
2183,2.056329292611259
2184,2.0581596418501724
2185,2.051589937812855
2186,2.0429619642261976
2187,2.0354419676021833
2188,2.0436274569410378
2189,2.0650467220067363
2190,2.0585892295801056
2191,2.0693258733714863
2192,2.0529315229859932
2193,2.0708219298498465
2194,2.063748370045205
2195,2.0593320170165015
2196,2.0473990775311854
2197,2.0511185248997434
2198,2.048227990099916
2199,2.0411183975216476
2200,2.038794185218502
2201,2.0477241339508936
2202,2.067491090209587
2203,2.062924222266414
2204,2.0833563569286975
2205,2.079438163334582
2206,2.0773225941456666
2207,2.0977879387425826
2208,2.1058526219102816
2209,2.0898205391679627
2210,2.096499124617249
2211,2.109766192712711
2212,2.11756797840636
2213,2.114421045779377
2214,2.118136410116384
2215,2.133529285579193
2216,2.1224216629960186
2217,2.1213327854278825
2218,2.1348876137468205
2219,2.1330639898763435
2220,2.132496198116444
2221,2.1296096365588575
2222,2.1183694079409827
2223,2.127779428278034
2224,2.120782864996685
2225,2.1191285493606817
2226,2.121602280984597
2227,2.1225078909076878
2228,2.125800864701842
2229,2.12020889914543
2230,2.1181142290103936
2231,2.1289335570419907
2232,2.128122534116191
2233,2.1134753321330533
2234,2.100970426200305
2235,2.0948816429064183
2236,2.1063718275190624
2237,2.090150819437024
2238,2.1052340496634456
2239,2.1165014661950132
2240,2.1106177299938746
2241,2.1108222885167636
2242,2.0965771614585553
2243,2.106804484339607
2244,2.1100224142287667
2245,2.0894309292995703
2246,2.0899261544372223
2247,2.1015505189413135
2248,2.1081241870898593
2249,2.1172699987619774
2250,2.1067114349944562
2251,2.11010290115138
2252,2.1054101674020997
2253,2.1062449151126224
2254,2.1214898345028654
2255,2.1202193221745422
2256,2.1234353577328378
2257,2.1133543774953503
2258,2.1168480594155654
2259,2.113623325550317
2260,2.0988557292000167
2261,2.1010232642617748
2262,2.112534646348216
2263,2.123309240687147
2264,2.1165565179296757
2265,2.1080860605024303
2266,2.1154760613713517
2267,2.1121469070454597
2268,2.1111365937633466
2269,2.115399033255477
2270,2.1000053037263395
2271,2.0934223444863727
2272,2.091403610112701
2273,2.091974318298014
2274,2.0924848290867573
2275,2.0782902393696325
2276,2.0764684941629308
2277,2.0722948802457997
2278,2.062120823889912
2279,2.0679843399807254
2280,2.079902348437927
2281,2.090313757104745
2282,2.0903338873494834
2283,2.0823155989153896
2284,2.0780813964613807
2285,2.0712327737399048
2286,2.083765259370079
2287,2.071246120766428
2288,2.0725287067531
2289,2.072824733878824
2290,2.0738110229913103
2291,2.08049718750184
2292,2.068656394899209
2293,2.075212288418714
2294,2.081046972764868
2295,2.0828272485620496
2296,2.080816060770788
2297,2.0754221846121315
2298,2.076132617491968
2299,2.0684071361954643
2300,2.07820255964387
2301,2.100893209764551
2302,2.123932279020281
2303,2.15631441377227
2304,2.210114887331856
2305,2.249061650461143
2306,2.275531914934393
2307,2.308686991283926
2308,2.3297135539473603
2309,2.3463309369723437
2310,2.3631652408965844
2311,2.37209683690687
2312,2.3888329956184724
2313,2.4084096191911253
2314,2.418096660242372
2315,2.4294284033105757
2316,2.4375237241347323
2317,2.453508718233477
2318,2.4653740070761367
2319,2.48809775266807
2320,2.4997198077646168
2321,2.501131152905713
2322,2.5131248186109523
2323,2.521188010034378
2324,2.5322270888035945
2325,2.5320376150854607
2326,2.5514557772274586
2327,2.568865874680478
2328,2.571850846518048
2329,2.5599330254331427
2330,2.5573332218864
2331,2.5419506463519252
2332,2.5290442766205414
2333,2.5381400345149783
2334,2.550662947740554
2335,2.540315750632762
2336,2.541865441426014
2337,2.5565025374920727
2338,2.557494742408393
2339,2.5542466417931005
2340,2.5622083094898223
2341,2.5619797547483634
2342,2.56690860667159
2343,2.5481647931974463
2344,2.5379327048132088
2345,2.5367087437516256
2346,2.5151928661381713
2347,2.518352073253168
2348,2.503819588551844
2349,2.498527882042953
2350,2.4921112216177157
2351,2.4902725844412488
2352,2.4791702148703707
2353,2.4513765028634245
2354,2.4502451677066728
2355,2.42764055192426
2356,2.4105099448259413
2357,2.4205825515847357
2358,2.4071239529895685
2359,2.3913396342501545
2360,2.387966018588367
2361,2.395747554885816
2362,2.3904816686690826
2363,2.3862267216644617
2364,2.3751562284004524
2365,2.3646822943531713
2366,2.350092157277572
2367,2.3289024743690616
2368,2.3362706340940593
2369,2.351923943133375
2370,2.345147550645133
2371,2.3345997249240944
2372,2.3245819726981227
2373,2.3199179990517727
2374,2.3168176712847
2375,2.297708843861365
2376,2.298238080718742
2377,2.2956301131642807
2378,2.2909753055231867
2379,2.291228209367816
2380,2.30037576229359
2381,2.3015256996694804
2382,2.2988408269441543
2383,2.3127935557423625
2384,2.3168122050579054
2385,2.308068421835192
2386,2.303468890971704
2387,2.317124866036003
2388,2.3217428062936203
2389,2.3152206021399806
2390,2.3028940631905135
2391,2.3066271762312445
2392,2.304147711321507
2393,2.2940445099061275
2394,2.2955855633910764
2395,2.294189792950099
2396,2.288697672859021
2397,2.2929453286791133
2398,2.2899258078735145
2399,2.295777589531841
2400,2.307152300009625
2401,2.3123942290574533
2402,2.3253607621877106
2403,2.3149633762771167
2404,2.3041444042978254
2405,2.3044224588746514
2406,2.3004481244326582
2407,2.3110713914860193
2408,2.30632570565119
2409,2.303431564781625
2410,2.301557127140841
2411,2.304466593591111
2412,2.308509058665584
2413,2.3021340584415024
2414,2.292613979664935
2415,2.2890526380768605
2416,2.2928140173653393
2417,2.2857211957161274
2418,2.2835787239964223
2419,2.280118407620057
2420,2.2623719083492073
2421,2.2532367509467313
2422,2.248987059967693
2423,2.259650576232004
2424,2.2563384957236265
2425,2.2498445627854373
2426,2.2543080560244917
2427,2.2690942363226325
2428,2.2589801264275824
2429,2.250136926456911
2430,2.2539515842501237
2431,2.250565371118855
2432,2.2421394518442233
2433,2.241604721035154
2434,2.241542295328092
2435,2.238563567326214
2436,2.237686876882572
2437,2.2468784850915133
2438,2.2549819461480647
2439,2.2467990295466853
2440,2.239027213807724
2441,2.238032879598966
2442,2.239303421040008
2443,2.2591589763826607
2444,2.2646963488373313
2445,2.264952959293872
2446,2.265777979881577
2447,2.2551531462485213
2448,2.2413802191797783
2449,2.2267237646306253
2450,2.2260191615202487
2451,2.2226687358806068
2452,2.2225404503583963
2453,2.215705915938621
2454,2.224657494245236
2455,2.211089780427368
2456,2.2052992760861754
2457,2.1995554318764405
2458,2.2007499072156023
2459,2.1883847789507693
2460,2.191004915308407
2461,2.2041100254733146
2462,2.199170499198123
2463,2.1987573004711267
2464,2.2073037894667356
2465,2.20924145167034
2466,2.2057133662274784
2467,2.207715493459775
2468,2.2083956071916324
2469,2.205819523903126
2470,2.2125663327612233
2471,2.201640815443383
2472,2.1928288423630167
2473,2.1925629724494557
2474,2.1915820868770624
2475,2.195921716130011
2476,2.1879681052609494
2477,2.200134350533485
2478,2.2031831959798334
2479,2.201269861948359
2480,2.2064959973566474
2481,2.2174058290272063
2482,2.2229700282565403
2483,2.2147333091084227
2484,2.213073763480272
2485,2.210237629780135
2486,2.2047234308625394
2487,2.2068481659203645
2488,2.2082484567706167
2489,2.209099356762286
2490,2.211306501637032
2491,2.2029200601077314
2492,2.209173416805409
2493,2.206293178525106
2494,2.201933798472294
2495,2.205751109536686
2496,2.200218252336372
2497,2.182343013480921
2498,2.185441107576925
2499,2.187243404462483
2500,2.1756304198014926
2501,2.1798967489434067
2502,2.1710324218264367
2503,2.165760713206886
2504,2.1677816346464565
2505,2.155702304186335
2506,2.145666654680982
2507,2.157068031019046
2508,2.151346270379196
2509,2.158473349541358
2510,2.1558252414896444
2511,2.14995712327884
2512,2.1635349330656735
2513,2.162054243732031
2514,2.154784601823597
2515,2.1573323347184097
2516,2.1666911026947084
2517,2.169116533006903
2518,2.152092806890997
2519,2.1477224099393912
2520,2.1606628442176596
2521,2.168458967124422
2522,2.1597702654990054
2523,2.150887229557124
2524,2.1492426431074962
2525,2.1580355082055394
2526,2.151733318805242
2527,2.1456312615151876
2528,2.1499750002773497
2529,2.149089099499017
2530,2.1516199126400637
2531,2.1534879459768717
2532,2.148604154699909
2533,2.164152920353586
2534,2.1656573147602534
2535,2.161572058446832
2536,2.172611049289749
2537,2.159341056050344
2538,2.168720313863366
2539,2.161273806799043
2540,2.1656739364397124
2541,2.171775236508749
2542,2.1735261043334275
2543,2.1668017558657184
2544,2.1676594753844443
2545,2.1640832585884886
2546,2.1735455309007636
2547,2.1664289304535953
2548,2.1608689909652172
2549,2.160695404927088
2550,2.1543967153272483
2551,2.1574027473091464
2552,2.1777666268389835
2553,2.1638031090060217
2554,2.1553221544147907
2555,2.1704305212195028
2556,2.15750508213744
2557,2.160085722500783
2558,2.172600549916393
2559,2.1667182488610033
2560,2.163123778621475
2561,2.1525038078567524
2562,2.155365220247118
2563,2.1563419858232025
2564,2.1417047144605856
2565,2.146994189774239
2566,2.1643011217688337
2567,2.1618059896534754
2568,2.164631565605677
2569,2.1720539432618247
2570,2.167679873780466
2571,2.1693456881168025
2572,2.172585816907526
2573,2.1828162105294653
2574,2.1834610640845655
2575,2.1903900149315456
2576,2.190630929739015
2577,2.1824861449174087
2578,2.1682766256792743
2579,2.172043921466691
2580,2.191193946024002
2581,2.1924629464042287
2582,2.18773969427521
2583,2.1851575691996636
2584,2.193114072434474
2585,2.190304331814002
2586,2.1868693135112656
2587,2.188684433384103
2588,2.1930201005927663
2589,2.173742140769198
2590,2.147198245095484
2591,2.135233277985363
2592,2.1311021339530383
2593,2.127309273387283
2594,2.1181406569183125
2595,2.1185503097489717
2596,2.124111291518756
2597,2.1241387873027726
2598,2.1273988059835935
2599,2.13437519203558
2600,2.1477460229832697
2601,2.135452103238983
2602,2.1293167909389723
2603,2.1328870741909434
2604,2.130962061282635
2605,2.135558548596311
2606,2.14472762929943
2607,2.1500251747982646
2608,2.1494599893615742
2609,2.1487204074044817
2610,2.1442472862423267
2611,2.140609257505314
2612,2.1439176136569955
2613,2.1372602967024785
2614,2.1490733959496913
2615,2.1333527288148653
2616,2.1213563834870217
2617,2.1182760683181026
2618,2.1244905226536623
2619,2.129299829547865
2620,2.130902004875739
2621,2.134602096682886
2622,2.1491245047805654
2623,2.143648465050265
2624,2.1467067038956826
2625,2.1667719338482985
2626,2.1744335960784604
2627,2.177130902595033
2628,2.1708788777861736
2629,2.169026389737929
2630,2.164004387725398
2631,2.1618048659518903
2632,2.1499482051509387
2633,2.149987730699666
2634,2.1429870204647314
2635,2.1444778753016327
2636,2.1493170556484893
2637,2.160912649055945
2638,2.149363038350737
2639,2.1566784715047636
2640,2.153889806928396
2641,2.157387805252325
2642,2.152493187443017
2643,2.1501948468117105
2644,2.148384691339411
2645,2.1434056470876874
2646,2.148974212465847
2647,2.143331296081599
2648,2.1460786049500045
2649,2.149490874577382
2650,2.146017495284853
2651,2.137900913075466
2652,2.136274810731477
2653,2.141587670937243
2654,2.1350746745668943
2655,2.1220356548888426
2656,2.1374996670891635
2657,2.134331401225855
2658,2.1345186583549616
2659,2.140321669452716
2660,2.1340855008360373
2661,2.141803928583542
2662,2.157369064242835
2663,2.1541244532700734
2664,2.15908501632358
2665,2.162520152161301
2666,2.152148861426405
2667,2.1492325065547
2668,2.154345124772497
2669,2.1528019322164282
2670,2.150568656379685
2671,2.1472497300723887
2672,2.153443247139326
2673,2.1382855937449907
2674,2.1352058477491473
2675,2.1383198634709735
2676,2.1409395167360237
2677,2.1208838271769936
2678,2.1276476368595563
2679,2.1047304497187267
2680,2.1094743196888452
2681,2.105854260473202
2682,2.1017852904114256
2683,2.0992775268979345
2684,2.092646747057249
2685,2.090477285547435
2686,2.091262168561628
2687,2.086748853853792
2688,2.1026747969338078
2689,2.101699696994954
2690,2.1100759562514995
2691,2.1161613517830404
2692,2.110624509169474
2693,2.0987251115422687
2694,2.119587582047003
2695,2.1235160088643
2696,2.116958726773593
2697,2.1301872331534195
2698,2.1409445979895843
2699,2.1459225336479664
2700,2.155604730425193
2701,2.1592559733579737
2702,2.1666415852964596
2703,2.1719193325964254
2704,2.1552714221876124
2705,2.154450516655167
2706,2.143400269465063
2707,2.117162575156086
2708,2.121861096560025
2709,2.1137037540695176
2710,2.095741881128157
2711,2.1149507706723654
2712,2.1203620322638694
2713,2.1142537190208084
2714,2.1114037845536853
2715,2.102693682243878
2716,2.11115790512555
2717,2.1051311239706822
2718,2.1082862017405013
2719,2.1134289948105196
2720,2.1158759957116255
2721,2.1138962017777896
2722,2.118217582694607
2723,2.121729291908265
2724,2.1286237175869
2725,2.1333679853704273
2726,2.1390047027553485
2727,2.1461339549413423
2728,2.147087745704407
2729,2.151761289632566
2730,2.171595271812315
2731,2.1601583476534616
2732,2.167932655402777
2733,2.159750182121316
2734,2.1581901518055338
2735,2.160922266758592
2736,2.1667826323024983
2737,2.155003585507167
2738,2.160023021881986
2739,2.1486183204014577
2740,2.15361490129148
2741,2.157099787044319
2742,2.168093681797785
2743,2.16027488752418
2744,2.1720514826178805
2745,2.181570329824114
2746,2.1768664247106244
2747,2.170911496877193
2748,2.1655610886211627
2749,2.1537532530869705
2750,2.166096828034856
2751,2.1769420649297744
2752,2.1740815210743074
2753,2.1717820952319262
2754,2.173410454440514
2755,2.1620476197163065
2756,2.1653396560164104
2757,2.150888852252684
2758,2.1332465721919296
2759,2.124751567648495
2760,2.113439506109866
2761,2.134139152889944
2762,2.1631428518883604
2763,2.1851323915563627
2764,2.185918820837187
2765,2.2104399445574434
2766,2.2273582806959653
2767,2.228444709503269
2768,2.236000056482787
2769,2.2503286914493277
2770,2.262830150191223
2771,2.2534036571393647
2772,2.269119971779955
2773,2.285183090069467
2774,2.2966922632790063
2775,2.285157553984685
2776,2.297001217804616
2777,2.3004231038214287
2778,2.3142093741293195
2779,2.3144768960501425
2780,2.3242182297373204
2781,2.320464224092282
2782,2.337174179105472
2783,2.3465748686105865
2784,2.3440150117462193
2785,2.350633493145908
2786,2.363473329471126
2787,2.3753329176209825
2788,2.3644127702293134
2789,2.342312381942915
2790,2.3440637310006767
2791,2.3427602980211994
2792,2.341229902405723
2793,2.340427779519781
2794,2.338732044096801
2795,2.3334702751896907
2796,2.3310064491400144
2797,2.3365983462264706
2798,2.3500072361165327
2799,2.343049779641364
2800,2.359640982103693
2801,2.353443903758854
2802,2.358464031301929
2803,2.348157540399675
2804,2.349615439441703
2805,2.334853020741102
2806,2.337103723547736
2807,2.3578924110619077
2808,2.349585257225579
2809,2.346484601637402
2810,2.343274393810476
2811,2.3207190227279693
2812,2.333281165578082
2813,2.335539317038863
2814,2.3334742914754636
2815,2.315582299685733
2816,2.3114728204741515
2817,2.298342874518803
2818,2.2888654533308572
2819,2.2792432069895403
2820,2.285185254823352
2821,2.2720307999358833
2822,2.277790910882845
2823,2.244055587588688
2824,2.2335064079483278
2825,2.214492307386193
2826,2.211133693622871
2827,2.2068773748665627
2828,2.203553753105809
2829,2.1893735181864193
2830,2.191509592433501
2831,2.1861522381551484
2832,2.1700176711673587
2833,2.184130992492566
2834,2.197562811474505
2835,2.2026367821449813
2836,2.2001992708690006
2837,2.2033648425275767
2838,2.2067093786833634
2839,2.2134152591602057
2840,2.2055210712906965
2841,2.1921101591179157
2842,2.1926770540207543
2843,2.195748193614028
2844,2.1933645391213146
2845,2.2073463504075885
2846,2.201459895504702
2847,2.21228678066187
2848,2.2091632792027815
2849,2.206161072178525
2850,2.209255444812427
2851,2.20721627515283
2852,2.2130987761382306
2853,2.210321652101064
2854,2.193382674302911
2855,2.176382056031567
2856,2.1753336226902857
2857,2.1864562008941504
2858,2.1794242357667404
2859,2.1742592931472573
2860,2.1745305962015338
2861,2.1908584615902793
2862,2.1958386155218736
2863,2.1898512015380773
2864,2.185162215546409
2865,2.1977444506286163
2866,2.190943556603655
2867,2.1892547743499495
2868,2.186490226798376
2869,2.1828345582509683
2870,2.172699757351817
2871,2.1722993538157387
2872,2.1898375333455635
2873,2.1878280780764485
2874,2.173837341363178
2875,2.170922869066595
2876,2.1763394951216273
2877,2.161508811058829
2878,2.1489979147067846
2879,2.1452534370813394
2880,2.152758268965676
2881,2.1331207007474946
2882,2.137482488929419
2883,2.1238207007847514
2884,2.1253007120025327
2885,2.134089079779939
2886,2.133112644074786
2887,2.1231769205853412
2888,2.1306792564828014
2889,2.1355344061311956
2890,2.158448297187093
2891,2.1537096167447003
2892,2.1636443298657477
2893,2.1482638213554774
2894,2.145049753670272
2895,2.1498828348916352
2896,2.1466135895780227
2897,2.1333459000493016
2898,2.128138883081047
2899,2.1409697075770495
2900,2.1403883738400427
2901,2.1211947481759186
2902,2.1187537398816554
2903,2.105298983309402
2904,2.0985877989640307
2905,2.0857976411744903
2906,2.0850699591851933
2907,2.0945966378654908
2908,2.0922633299247004
2909,2.097976608531157
2910,2.0997844450510104
2911,2.0888418572341134
2912,2.0738250420823685
2913,2.0725390400507293
2914,2.0771872273800103
2915,2.080771592073784
2916,2.081000085147707
2917,2.087166173953676
2918,2.090239372366588
2919,2.092675517189726
2920,2.111730474907968
2921,2.1074730512945585
2922,2.1279122630334193
2923,2.1389166165985145
2924,2.122483329685291
2925,2.1239564546706005
2926,2.133755469553037
2927,2.1324714054870064
2928,2.1253897377547704
2929,2.123730729745053
2930,2.130367107381335
2931,2.1237942554855502
2932,2.1106870183735045
2933,2.1109827884951735
2934,2.1086897554470627
2935,2.112736530835415
2936,2.1225395841879013
2937,2.1171653401164456
2938,2.1074791972580385
2939,2.1126039995258736
2940,2.112955197178364
2941,2.1075638565012698
2942,2.122092709040586
2943,2.1278228380691475
2944,2.1220550415407513
2945,2.136980009438232
2946,2.136537614210003
2947,2.135258221235251
2948,2.1399917110066182
2949,2.137459124033405
2950,2.136472603340463
2951,2.1156112746661306
2952,2.1189267731162045
2953,2.1060211213061737
2954,2.102796631460195
2955,2.1036618247971584
2956,2.1030672064004707
2957,2.0930949178387173
2958,2.1119490425484355
2959,2.10684733417254
2960,2.11536545540184
2961,2.1127254012825656
2962,2.1215000442090073
2963,2.105096838558844
2964,2.0814224328606077
2965,2.0689553711521933
2966,2.060330915353983
2967,2.0610826586754865
2968,2.059327084453718
2969,2.0530831244590138
2970,2.057505923077677
2971,2.052885122782939
2972,2.0646089477366267
2973,2.066703460104739
2974,2.063809647573135
2975,2.0872221963529256
2976,2.092668494391267
2977,2.0833351421032678
2978,2.0740001198938107
2979,2.07717883561314
2980,2.0647325036480804
2981,2.0556911907272575
2982,2.060365282256721
2983,2.051472563168757
2984,2.0479306754373363
2985,2.05720771134473
2986,2.0542449428791625
2987,2.045806334460485
2988,2.065022625269962
2989,2.0650008021348207
2990,2.06492424444614
2991,2.059453640524996
2992,2.0608562851321994
2993,2.0726235442512912
2994,2.0706988957023618
2995,2.0622262306184767
2996,2.0444246927711007
2997,2.0481392820499345
2998,2.039028625272801
2999,2.046999686513281
3000,2.048688882466395
3001,2.0584521116638457
3002,2.0652975867920182
3003,2.0877632458206423
3004,2.1097679010268635
3005,2.097432482011592
3006,2.0873002652119617
3007,2.0832064650060205
3008,2.0990751739860967
3009,2.1009988614614135
3010,2.093723817394233
3011,2.073794149895264
3012,2.0629408760495638
3013,2.066128852312393
3014,2.0749905906393087
3015,2.0784472149769724
3016,2.084011517569646
3017,2.0796827380607166
3018,2.077096997649685
3019,2.0776738842364697
3020,2.0771340702011907
3021,2.0818700199656672
3022,2.0777267669703896
3023,2.0776479256464064
3024,2.082883120745159
3025,2.0790082346511385
3026,2.0743641202208276
3027,2.0567769981750876
3028,2.0677252390446843
3029,2.072030455821698
3030,2.067297237521656
3031,2.0655917451142622
3032,2.066339882124601
3033,2.06775488884616
3034,2.0781654527763496
3035,2.1032111019324233
3036,2.0898318352211933
3037,2.084679907442525
3038,2.086535623259669
3039,2.0884269774535884
3040,2.0872755989979317
3041,2.0814432261658786
3042,2.076181618408305
3043,2.0653645213784233
3044,2.0662537908081595
3045,2.0627026767281853
3046,2.0673314531853553
3047,2.0591707955003002
3048,2.058398458728215
3049,2.056318710943629
3050,2.0704480182782223
3051,2.0679323994192123
3052,2.0749609298426916
3053,2.083889849540895
3054,2.071284295300087
3055,2.0696586262389705
3056,2.063691051467702
3057,2.0653787971349784
3058,2.0531327838472144
3059,2.066785203321083
3060,2.0695134456536555
3061,2.072126399755708
3062,2.0632685231330194
3063,2.0611951824828076
3064,2.0636077734792115
3065,2.0431064359660636
3066,2.0494401745696766
3067,2.0482659139300297
3068,2.0571771669548418
3069,2.0417883870754223
3070,2.0526261184479697
3071,2.053243575609983
3072,2.044486321222184
3073,2.0439283364522733
3074,2.0415207522941494
3075,2.0362393616578203
3076,2.0392748843624355
3077,2.04346363886639
3078,2.0381606408677726
3079,2.0295781939512607
3080,2.0168520904403735
3081,2.0191693665564774
3082,2.0330634935579384
3083,2.040389818220099
3084,2.040032271698437
3085,2.033707819330251
3086,2.0380357144774774
3087,2.036773021675814
3088,2.0331937957552926
3089,2.0419752065649095
3090,2.0540979952707827
3091,2.049066660656551
3092,2.044513599039434
3093,2.0538522811365647
3094,2.0576023450544376
3095,2.0455889067548862
3096,2.033469145836774
3097,2.0430459937207166
3098,2.03793646322833
3099,2.0313530281761207
3100,2.0289973556796683
3101,2.0260286781003054
3102,2.030069751557656
3103,2.0168556440533205
3104,2.017834236743843
3105,2.0267313122716106
3106,2.0218714803425697
3107,2.0190094961196
3108,2.0214274347619536
3109,2.019055930749228
3110,2.018941175517309
3111,2.01848654647472
3112,2.0209365692219374
3113,2.0049664841251746
3114,2.008378862624299
3115,2.0079475276874352
3116,2.0109896969344723
3117,2.0171856935788375
3118,2.010095124758355
3119,2.0144322922341216
3120,2.0320731520639437
3121,2.0258422964798655
3122,2.028066414623249
3123,2.023125284043301
3124,2.0144540900697128
3125,2.0100035918726844
3126,2.0249629259432957
3127,2.022077267200681
3128,2.0403395728164773
3129,2.042824902544336
3130,2.040629661569417
3131,2.0475108014195658
3132,2.0476979988134922
3133,2.0417070893894804
3134,2.0436512592463307
3135,2.037731955933291
3136,2.0385115215811456
3137,2.042087859526441
3138,2.0349089178288056
3139,2.0374921519758176
3140,2.032757308209119
3141,2.0324099668045528
3142,2.0472160078854067
3143,2.0364934208872087
3144,2.0300426485874317
3145,2.0267648759088077
3146,2.0297183691929876
3147,2.0380977823831183
3148,2.0364407532187965
3149,2.03843194654922
3150,2.03701047987514
3151,2.038778649233129
3152,2.0365527680905946
3153,2.0223998964650107
3154,2.0272257749022584
3155,2.023004750668254
3156,2.02173154875267
3157,2.02826462644733
3158,2.0233794424481903
3159,2.01605499733193
3160,2.0166289597875684
3161,2.019893769484805
3162,2.0160417714307153
3163,2.026206305688617
3164,2.022391617807445
3165,2.023186824209553
3166,2.0175578260548006
3167,2.0118658464074866
3168,2.0273096367592314
3169,2.016414582195974
3170,2.0140844548642054
3171,2.004238935972695
3172,1.9944916467191498
3173,1.9987958615328505
3174,1.9946079202533118
3175,1.987886412008438
3176,1.972943462839367
3177,1.9823193252236742
3178,1.9851262048029445
3179,1.978876261054115
3180,1.9821581450419672
3181,1.9861065374763007
3182,1.99499926920768
3183,1.9951013670189635
3184,1.9988424448701028
3185,1.9915798351273606
3186,2.0001235855470485
3187,2.00847632589021
3188,2.022144251634426
3189,2.0205383687131206
3190,2.017318285452025
3191,2.023159276544414
3192,2.015552739843124
3193,2.010121654984528
3194,2.0179042179796256
3195,2.0091533592782915
3196,2.0015549237400667
3197,2.001830478124505
3198,2.0202275044044367
3199,2.0125778228048965
3200,2.0220882777873936
3201,2.0234106074054092
3202,2.0195821688339213
3203,2.0131789602316266
3204,2.00267356332173
3205,1.9882312418145789
3206,2.004584583746067
3207,1.9945286705606557
3208,1.998895824431152
3209,1.999289289568695
3210,1.991420182269902
3211,1.9996968637386823
3212,2.0054903093929957
3213,2.0168339789666807
3214,2.011575909626501
3215,1.999822715484516
3216,2.0094728932631467
3217,2.0106413088798356
3218,2.0126863336992105
3219,2.0014236326625197
3220,1.992911580982778
3221,2.03266002296788
3222,2.0704882292093174
3223,2.10091113058073
3224,2.144326892067746
3225,2.1694122237377047
3226,2.2147233961315997
3227,2.242780861693367
3228,2.2711934691328386
3229,2.27545066112038
3230,2.3001042769558095
3231,2.3229239799476185
3232,2.3591253218056454
3233,2.3731274926813057
3234,2.3772470541739494
3235,2.3984407036052975
3236,2.416471353781173
3237,2.4104652146809817
3238,2.425773202707156
3239,2.448201855384603
3240,2.4612243635904094
3241,2.4715820273040467
3242,2.479757038182497
3243,2.4825883438737746
3244,2.4856600546860674
3245,2.485242739798901
3246,2.4820711103162805
3247,2.464407657854513
3248,2.468018496542293
3249,2.4780514501369617
3250,2.5044521699045887
3251,2.518013934215908
3252,2.5192158390332806
3253,2.5293355863081484
3254,2.53322451082346
3255,2.5348320516854854
3256,2.524432504898788
3257,2.5316632235945837
3258,2.540011686350554
3259,2.5384345334295104
3260,2.558914199217904
3261,2.575071432200582
3262,2.5896250696054453
3263,2.570647668492574
3264,2.5693238398126654
3265,2.574523507521281
3266,2.584487803794387
3267,2.5911751643981247
3268,2.595357892250759
3269,2.5838629816660834
3270,2.5880730026915746
3271,2.5862198591487924
3272,2.584430905604805
3273,2.585711739265147
3274,2.560698815895182
3275,2.56048224496584
3276,2.548132819149433
3277,2.5458105783689633
3278,2.5395746034361104
3279,2.5237147382774276
3280,2.5067170335138247
3281,2.513601664664366
3282,2.524115131064174
3283,2.523070354735575
3284,2.5203207080582137
3285,2.50437767880841
3286,2.488140571105477
3287,2.476395524132845
3288,2.4721450256895694
3289,2.4679092362733774
3290,2.4580287938765175
3291,2.449349964179487
3292,2.4442873679518664
3293,2.426299159603712
3294,2.417427410317984
3295,2.417857154361258
3296,2.424736484829841
3297,2.4132739401827705
3298,2.4136966498813957
3299,2.408579012802823
3300,2.408232428629204
3301,2.39205794642275
3302,2.3851377373378493
3303,2.382257655776438
3304,2.358118676882041
3305,2.346310453170538
3306,2.339752996689379
3307,2.3229685510098785
3308,2.3001475205674624
3309,2.2971865055086327
3310,2.287208967533311
3311,2.2850295747024525
3312,2.270027613884963
3313,2.268985797399699
3314,2.2579053153223776
3315,2.2472707583651577
3316,2.2370838747857364
3317,2.2226331656293508
3318,2.2198988481224196
3319,2.217687055435537
3320,2.2246327288135097
3321,2.2336909664496774
3322,2.2258428949300195
3323,2.2240924047703103
3324,2.214279362252437
3325,2.201239400363493
3326,2.173043712569974
3327,2.1688230607549515
3328,2.165901071325755
3329,2.151146501472617
3330,2.145170523387664
3331,2.1326641420318184
3332,2.1186117421392425
3333,2.1082058535281454
3334,2.113343234553978
3335,2.1310193974875338
3336,2.125748389675993
3337,2.122544604568719
3338,2.1169252774393432
3339,2.1223231556228876
3340,2.109212893456367
3341,2.1083417349056797
3342,2.0919692190832473
3343,2.085417019201244
3344,2.071432506570497
3345,2.063018826398069
3346,2.0575458907735085
3347,2.064587679353272
3348,2.0617804274008367
3349,2.0590242026044336
3350,2.058189863354339
3351,2.059083897541816
3352,2.0593151417745275
3353,2.0488650320971473
3354,2.0503305338873705
3355,2.043867589622888
3356,2.042239929746236
3357,2.0486167433213325
3358,2.0409213139845503
3359,2.036867316814452
3360,2.0460847610628408
3361,2.027764278121393
3362,2.0238347605806797
3363,2.0291003394271034
3364,2.027782305850371
3365,2.014121059114829
3366,2.0119180057032313
3367,2.002575159560068
3368,2.0081648235180998
3369,2.0080725108013624
3370,2.010180756122348
3371,2.0117269460727307
3372,2.01709128808489
3373,2.0084667337132993
3374,2.007935053664826
3375,2.0054228486920036
3376,1.9992036395459776
3377,1.993302257312331
3378,1.9695013641122419
3379,1.9709029977384473
3380,1.9560516382873159
3381,1.9521036208012794
3382,1.9607829746923984
3383,1.9652361226534878
3384,1.9633139714432988
3385,1.968777134775278
3386,1.972614436369339
3387,1.9648345207871392
3388,1.9529816330389504
3389,1.960711882498911
3390,1.9563212530689422
3391,1.9477364073229964
3392,1.945014232151854
3393,1.936188167398662
3394,1.9335143355153166
3395,1.9443610110125
3396,1.945526637467643
3397,1.9453140735042644
3398,1.9477880167406723
3399,1.9610537925431955
3400,1.9605776674664355
3401,1.9501750326912124
3402,1.946297733378658
3403,1.9314571618761984
3404,1.9398891269902436
3405,1.9343303653352506
3406,1.9328648708378666
3407,1.9258838930735613
3408,1.931335363493278
3409,1.9200935503051864
3410,1.9170839442010599
3411,1.9086362213428898
3412,1.9091477241127968
3413,1.9112602028954842
3414,1.9217502351625142
3415,1.9101919683041384
3416,1.8910542423140109
3417,1.888632209090446
3418,1.8796662801888107
3419,1.8854923028416626
3420,1.8706883996460668
3421,1.8853751767920595
3422,1.8904862793072845
3423,1.8871082616046615
3424,1.8737247868960867
3425,1.8638977825995764
3426,1.8622648606040733
3427,1.8655718579760914
3428,1.8659953131405649
3429,1.8614713551026316
3430,1.8703491718918726
3431,1.8781614094757153
3432,1.8759144227002023
3433,1.8713700052379827
3434,1.875318864232828
3435,1.8731846255900495
3436,1.8702219496866
3437,1.8675064824188685
3438,1.876818910544782
3439,1.8780450369322157
3440,1.87986142517464
3441,1.8717027736432335
3442,1.8694753131360442
3443,1.869613801145166
3444,1.8650056928082597
3445,1.870151023983963
3446,1.8635642467677664
3447,1.876779109418697
3448,1.878935210576943
3449,1.8687860181309053
3450,1.8814877718546397
3451,1.8833183951542265
3452,1.8761307857431186
3453,1.8831419983404232
3454,1.906274846886842
3455,1.9020855914657178
3456,1.9010531531323611
3457,1.915256369632695
3458,1.9117654870908491
3459,1.907848852417169
3460,1.9125765727601778
3461,1.9040695466906046
3462,1.903296313325038
3463,1.903107440032062
3464,1.9066618301268639
3465,1.9073412713315496
3466,1.9071881514848361
3467,1.9013155336139635
3468,1.8954590035687024
3469,1.9105892697522668
3470,1.906788886941686
3471,1.9189238292866488
3472,1.939697157914327
3473,1.9338748981516978
3474,1.950649239963626
3475,1.9565212403029384
3476,1.9540656318839067
3477,1.9568330839322896
3478,1.9540903603329804
3479,1.9523624215056319
3480,1.9493318052940891
3481,1.952611882414486
3482,1.9453999727763363
3483,1.9412673993217695
3484,1.9472822277886035
3485,1.9428264749730868
3486,1.9300684124281984
3487,1.930359215592189
3488,1.9426385189117006
3489,1.9327411556015373
3490,1.9346863536617618
3491,1.928280240610479
3492,1.9254788875574635
3493,1.9246502363676854
3494,1.930574673592575
3495,1.9344584636594369
3496,1.916580826845789
3497,1.9049809865819143
3498,1.9020820506446947
3499,1.8970764066409787
3500,1.8993037587752077
3501,1.9043696248563753
3502,1.9126851506860052
3503,1.9129439304708884
3504,1.9090927506404591
3505,1.9075562220485607
3506,1.90049078053117
3507,1.8941992410678288
3508,1.8888081564730097
3509,1.9038851918294435
3510,1.9122173337577466
3511,1.9070908060686538
3512,1.9080609897241902
3513,1.9065866409234817
3514,1.909047764695484
3515,1.907918773143449
3516,1.900876295513422
3517,1.8964007609577826
3518,1.89046169696423
3519,1.9022582661039031
3520,1.9071353272974567
3521,1.9230523503384067
3522,1.9180234031610706
3523,1.9189576078351702
3524,1.90450257464762
3525,1.9120748468666247
3526,1.911115269562356
3527,1.9063921507852422
3528,1.911032876354882
3529,1.9158544649017926
3530,1.9077388866609755
3531,1.9069179239544374
3532,1.8979826336641556
3533,1.8855126249057523
3534,1.8846706837315708
3535,1.880194347640314
3536,1.8758357797696357
3537,1.8715060743592637
3538,1.8511314315852856
3539,1.8382498787934052
3540,1.8300642201045896
3541,1.8340588676236826
3542,1.8384260290799161
3543,1.8382658815623065
3544,1.851686344884704
3545,1.8627947380400964
3546,1.8741869806989437
3547,1.8815436607358045
3548,1.894924747295114
3549,1.8839955627715448
3550,1.890533439795779
3551,1.8923439074124657
3552,1.8796277854976529
3553,1.8720226936966777
3554,1.8649307986854584
3555,1.8679179008524733
3556,1.8674391501084031
3557,1.8671745889671951
3558,1.8631018054111694
3559,1.8653736024143994
3560,1.8599132273187802
3561,1.8574594711175598
3562,1.8488202703163512
3563,1.8659547191418424
3564,1.8734107554435089
3565,1.8634938094472275
3566,1.865730532882871
3567,1.8576806867463875
3568,1.858444776150218
3569,1.8591503955046333
3570,1.860035429821809
3571,1.8701096156289974
3572,1.8731886635321635
3573,1.870661829470927
3574,1.8713840661757863
3575,1.873588631291985
3576,1.867985540879577
3577,1.8698007797600518
3578,1.8790087569387361
3579,1.878900503635409
3580,1.878255409741404
3581,1.864956419276001
3582,1.8650450672472139
3583,1.8638529566403617
3584,1.8466899432840516
3585,1.848829779644553
3586,1.847446461457766
3587,1.8524600753603568
3588,1.8552820965595325
3589,1.8526061088542058
3590,1.845668745553982
3591,1.8312381177054515
3592,1.8231941029887735
3593,1.8328019149291785
3594,1.8333348412145039
3595,1.8171942472346043
3596,1.815503900040492
3597,1.8323676601547394
3598,1.8430828466736748
3599,1.8517608328647714
3600,1.8457419693259334
3601,1.853806919733538
3602,1.8537165736514938
3603,1.8471923345914167
3604,1.847793278183654
3605,1.8460825147547415
3606,1.8574179678362794
3607,1.8640319541833876
3608,1.867643355722723
3609,1.8622996384160944
3610,1.8607655361835527
3611,1.8495012914903113
3612,1.8358075932640623
3613,1.8245614588439318
3614,1.838206518607424
3615,1.8265276983094532
3616,1.8238704823431076
3617,1.8391341678130493
3618,1.8377730266488068
3619,1.8379627690141052
3620,1.8303080592705228
3621,1.8503519281194356
3622,1.8513860568626184
3623,1.8526319436194785
3624,1.8620989782973303
3625,1.8615606804883447
3626,1.8582718999372094
3627,1.8594370364772144
3628,1.8775960063582182
3629,1.8743785006665432
3630,1.8813075734893563
3631,1.8808191148473898
3632,1.8766731989018495
3633,1.8833801530848697
3634,1.8778018687067646
3635,1.875449280659686
3636,1.8764792975627522
3637,1.8845620137454058
3638,1.8915342671574094
3639,1.8925640298680355
3640,1.8780389396417236
3641,1.883307409253189
3642,1.882510420052355
3643,1.8787048484382414
3644,1.876805251262835
3645,1.872466411343355
3646,1.865318761113864
3647,1.855610267869038
3648,1.8516239084043429
3649,1.8492982535934857
3650,1.841712369710961
3651,1.8396489694527995
3652,1.844691969064037
3653,1.8396929048019668
3654,1.8425703153403719
3655,1.8404217759889874
3656,1.8339523484425135
3657,1.8314972847313253
3658,1.8510360760619282
3659,1.8598987500839965
3660,1.8474368402287225
3661,1.8473106425482648
3662,1.8464061251684714
3663,1.8401199618810866
3664,1.8520326949996482
3665,1.8457572719405684
3666,1.8408553190929753
3667,1.8396367041774502
3668,1.8315563458286241
3669,1.8430354957956463
3670,1.8564571367620895
3671,1.8416639065318798
3672,1.8440820217922151
3673,1.8381307948385754
3674,1.8484143681642737
3675,1.8399969551912407
3676,1.85229739181736
3677,1.8531118253957424
3678,1.8448290168331696
3679,1.8621554823847912
3680,1.8708468744680968
3681,1.8396603709508383
3682,1.8411094748722447
3683,1.8430569811224526
3684,1.845729000506958
3685,1.8529551871431396
3686,1.8414267028790612
3687,1.8512344041616524
3688,1.8520312125676142
3689,1.8400603119963013
3690,1.8284705961954517
3691,1.8423552533935832
3692,1.829016240428265
3693,1.8226176027366097
3694,1.8154476848953116
3695,1.8197208314465971
3696,1.8257767246028895
3697,1.8023794205554386
3698,1.8002372330416894
3699,1.8064640798856986
3700,1.8056911683833266
3701,1.8131815626142302
3702,1.8089810482881452
3703,1.8074503122380263
3704,1.8052501787424429
3705,1.8086273594892348
3706,1.7947137284265469
3707,1.7860952070938731
3708,1.7940053362655468
3709,1.7943207013664084
3710,1.7991704691106642
3711,1.7988414527199503
3712,1.8065098239144428
3713,1.8142374066017772
3714,1.8120261909691067
3715,1.8046419777493867
3716,1.8005011588454378
3717,1.807395387154234
3718,1.7981701771799148
3719,1.794349497195507
3720,1.7923651361014483
3721,1.7879412583876386
3722,1.8014853747437694
3723,1.7987761968535962
3724,1.7936753184054934
3725,1.8042414270770462
3726,1.8028982061927832
3727,1.7993577480163228
3728,1.7954329621646552
3729,1.7795407109718582
3730,1.7899495330053574
3731,1.7869210390516228
3732,1.7885462483619352
3733,1.8092616437685454
3734,1.813633276708063
3735,1.8015130440421696
3736,1.7966912027226294
3737,1.787940649611263
3738,1.792908075453225
3739,1.8020285932732762
3740,1.81178544164573
3741,1.8135108360730718
3742,1.8234821834791655
3743,1.819155397484452
3744,1.8160498254957427
3745,1.8004037606507042
3746,1.8105891132752123
3747,1.808590245761476
3748,1.8156927971960126
3749,1.7956983229989776
3750,1.7955056490899346
3751,1.792936438250657
3752,1.7903170707143448
3753,1.7786125060122457
3754,1.7995127131930178
3755,1.802998716222408
3756,1.8046355703053916
3757,1.8060886398602665
3758,1.810050682114232
3759,1.8168137670480557
3760,1.8316867084182482
3761,1.8349121316605133
3762,1.853568954181339
3763,1.8566633927485172
3764,1.8456351363934855
3765,1.8332681818866623
3766,1.831021461472978
3767,1.8282926101553105
3768,1.8202679473275223
3769,1.8357080044556224
3770,1.8354680668411787
3771,1.847658479665044
3772,1.839894302916136
3773,1.8444942254026993
3774,1.8406680303106953
3775,1.8409985347018378
3776,1.8389082055543313
3777,1.8287462449264256
3778,1.8222157193603257
3779,1.815007375847601
3780,1.8067260591315608
3781,1.8104810464105023
3782,1.804962974820034
3783,1.8067676136213753
3784,1.8142053896042012
3785,1.8148362878123607
3786,1.8241988530756734
3787,1.8234147116990505
3788,1.8165766687372362
3789,1.8053347763041738
3790,1.796553064563779
3791,1.7954642402330663
3792,1.7951100653250658
3793,1.8021488275674642
3794,1.7938939951082347
3795,1.7904752305258576
3796,1.8095591545655132
3797,1.8050966358707459
3798,1.7973392160435324
3799,1.8067628109569167
3800,1.8203780557621594
3801,1.8182990700616064
3802,1.818714364675973
3803,1.8115452856748098
3804,1.804565538404619
3805,1.820406575964216
3806,1.8205498228152666
3807,1.8105691096381415
3808,1.8020741631722714
3809,1.8037147229541792
3810,1.8016275724120916
3811,1.809101068211653
3812,1.8147685657654258
3813,1.8146889571526001
3814,1.812296156681521
3815,1.8238607211580835
3816,1.8245879953590447
3817,1.8255036690049413
3818,1.814892720908164
3819,1.8127699634867183
3820,1.830934952136418
3821,1.826174629643275
3822,1.8252028169919827
3823,1.8351190691744577
3824,1.8378050958392547
3825,1.8374711874637653
3826,1.836356678936677
3827,1.8442367924919794
3828,1.8438538534430182
3829,1.8400871070065241
3830,1.832653964186334
3831,1.8437655115061922
3832,1.8307597236570943
3833,1.826625195831097
3834,1.8127577655569067
3835,1.8160659169557276
3836,1.8142774016293342
3837,1.8029010688365332
3838,1.8097407415852738
3839,1.801518849092573
3840,1.7921646127899067
3841,1.7871584996888634
3842,1.7953998188221572
3843,1.80096747508068
3844,1.7972504807402507
3845,1.7865458753948733
3846,1.7842433120690842
3847,1.7976422471393054
3848,1.8004492972750923
3849,1.8014421534276495
3850,1.8094945617665514
3851,1.8144200955571912
3852,1.8134711602335247
3853,1.8200368938897866
3854,1.8386844332170564
3855,1.8237079678371027
3856,1.8170354230676842
3857,1.8171873261830225
3858,1.820040861942963
3859,1.8267163477039996
3860,1.8203076719852118
3861,1.818399444185817
3862,1.8161132536480502
3863,1.8059367370647383
3864,1.805957411770034
3865,1.8083823504962602
3866,1.8160701000464137
3867,1.8117109431409404
3868,1.8010754246418066
3869,1.8058055555779902
3870,1.8193755368551818
3871,1.8282477169387685
3872,1.8141875687932463
3873,1.808458886793327
3874,1.7996849538271804
3875,1.7821709658022642
3876,1.783265738492223
3877,1.7931917223977663
3878,1.7827453382775422
3879,1.7770584900743738
3880,1.7679231361139442
3881,1.7700701659728284
3882,1.7615695198892292
3883,1.7569850514822005
3884,1.765884317851877
3885,1.7754451096077513
3886,1.7776229617018267
3887,1.7675861224698846
3888,1.7721636454174352
3889,1.777222028564807
3890,1.7688732600528265
3891,1.766846914440627
3892,1.7780324284064009
3893,1.7644687951242797
3894,1.7630486485962151
3895,1.7800736425046002
3896,1.790809541725882
3897,1.7834462923751073
3898,1.794687967777104
3899,1.787532854294636
3900,1.782861957753763
3901,1.7781911942509931
3902,1.7694471816709356
3903,1.7647975617116871
3904,1.7650461253318066
3905,1.764377778167847
3906,1.7574014386788577
3907,1.74648762694923
3908,1.7619474024010848
3909,1.7503496553412572
3910,1.7481881517783724
3911,1.7620542001411446
3912,1.7695328011215599
3913,1.777665866752051
3914,1.7745107120996748
3915,1.764410700538728
3916,1.764694456092541
3917,1.7764591789647175
3918,1.7745924766445182
3919,1.7705495970253966
3920,1.7647552059058926
3921,1.7818241186605248
3922,1.7961008374177452
3923,1.799346251593916
3924,1.7954545489366294
3925,1.7916873661522734
3926,1.7981497018985384
3927,1.805561205842079
3928,1.8003367086679558
3929,1.7960435058086395
3930,1.7897470504183386
3931,1.786129129393088
3932,1.7733321843942285
3933,1.774654611496157
3934,1.77114092441462
3935,1.7850602366075852
3936,1.7931164863376459
3937,1.777436886681637
3938,1.7713134137102413
3939,1.7625058566473946
3940,1.75900928290644
3941,1.762712392274149
3942,1.738843317240901
3943,1.7433748976785997
3944,1.7505492190101848
3945,1.7609282522003007
3946,1.7662164488603815
3947,1.7661628319036602
3948,1.7841536614846245
3949,1.7969803326202933
3950,1.7877826588580834
3951,1.8017403744030334
3952,1.8097017386803946
3953,1.8136183868137423
3954,1.819941362517382
3955,1.8103345918043852
3956,1.797557744683343
3957,1.7971789137884397
3958,1.7984132221883733
3959,1.8017445463904629
3960,1.8116708135625168
3961,1.807778676273368
3962,1.7960148850340099
3963,1.8028297115659244
3964,1.7991257910759004
3965,1.7861652378826554
3966,1.76898424668707
3967,1.7769657234491671
3968,1.769895713243353
3969,1.7728271749395075
3970,1.7774613930224423
3971,1.7760219118761116
3972,1.7752324923553804
3973,1.7791307464683852
3974,1.7961953511508864
3975,1.8020699152488444
3976,1.7928529086393106
3977,1.7908711599854517
3978,1.7762367883493992
3979,1.7860658855450122
3980,1.7838715430747838
3981,1.8045795848785642
3982,1.7939809328593674
3983,1.7832916218006583
3984,1.7830913122560355
3985,1.7667284362775568
3986,1.7603267049391427
3987,1.7588807339290173
3988,1.7525254542706827
3989,1.7502016536717115
3990,1.7443833665756656
3991,1.7604103029641371
3992,1.7693710569371004
3993,1.7718329421319323
3994,1.7607216409897675
3995,1.7572291804803486
3996,1.7748448995531025
3997,1.7648642441025775
3998,1.7885106922558776
3999,1.7767665321929496
4000,1.7685763238408247
4001,1.7645275084784802
4002,1.7604003960073606
4003,1.7605738643280253
4004,1.7626984718738006
4005,1.7616478893293048
4006,1.7752777098095864
4007,1.769005669211609
4008,1.779628843468924
4009,1.7658074636085577
4010,1.7558786612632433
4011,1.7618852133342058
4012,1.75610336969783
4013,1.749728666195925
4014,1.7485787621410422
4015,1.7568869296419767
4016,1.7664317209047815
4017,1.7805672409729763
4018,1.7715988543099932
4019,1.7576871223393513
4020,1.7461624614185356
4021,1.744288381755049
4022,1.7375866472509602
4023,1.740437988916809
4024,1.7547501725512602
4025,1.7542991183628605
4026,1.7534349605747528
4027,1.7621312690817361
4028,1.7701865360529117
4029,1.770933436266715
4030,1.753976168797938
4031,1.7547052377841885
4032,1.7520826608601128
4033,1.7606225424140463
4034,1.767181727535852
4035,1.764387147212984
4036,1.7644979871866242
4037,1.779991952745048
4038,1.7858852622504349
4039,1.7877218339557996
4040,1.7820774607886647
4041,1.7842676916100866
4042,1.7846711719492447
4043,1.7782857628898225
4044,1.7742074153447729
4045,1.7838596573018384
4046,1.7699650374070988
4047,1.7869647656545418
4048,1.7775387564234046
4049,1.7773292351748053
4050,1.7862475131488076
4051,1.7752698623944738
4052,1.771146055620804
4053,1.779268690679272
4054,1.7921843760183553
4055,1.7967960517925565
4056,1.793441122497759
4057,1.7893946016225812
4058,1.7832870753778933
4059,1.788969721254232
4060,1.7873473202821577
4061,1.776679173494887
4062,1.7801536824467143
4063,1.7637055219068372
4064,1.7710065112324092
4065,1.766524674745496
4066,1.7506176731382719
4067,1.7483443137332961
4068,1.7352298607934422
4069,1.7433011159284373
4070,1.7570936802759058
4071,1.7514207658715617
4072,1.7506667835186116
4073,1.7502158184385976
4074,1.7617906445820974
4075,1.7664667535654561
4076,1.7720472375939553
4077,1.7680935146779568
4078,1.76802689217053
4079,1.7700517660716777
4080,1.766646878125531
4081,1.7884880218825234
4082,1.788996622783484
4083,1.7843367412998425
4084,1.7881630289106012
4085,1.8011128014495987
4086,1.8231934776765573
4087,1.8141529885251666
4088,1.8062522839460151
4089,1.8044206787552146
4090,1.8143934314385477
4091,1.8146874655970586
4092,1.8034300269886074
4093,1.807156094818712
4094,1.8002673412004417
4095,1.8068446182615896
4096,1.8114709089435115
4097,1.80233521349481
4098,1.8042204512445996
4099,1.7963239437962002
4100,1.80156766596369
4101,1.794553183136239
4102,1.7867241953680528
4103,1.7707656425362956
4104,1.76216106335519
4105,1.764817496977134
4106,1.7795906740424923
4107,1.773263429015676
4108,1.7712734219325679
4109,1.773888728325411
4110,1.7761726401642979
4111,1.7792229971564035
4112,1.7937338416986077
4113,1.795587784245788
4114,1.8003102361017662
4115,1.7949454911461957
4116,1.7918633641318396
4117,1.7982894580006719
4118,1.7956010779160374
4119,1.8122345553236412
4120,1.795712092427149
4121,1.801978788735815
4122,1.796952617033552
4123,1.7897653095632984
4124,1.7793180184637192
4125,1.7720998282453366
4126,1.7726794488688211
4127,1.7735499508268542
4128,1.7783840883505904
4129,1.7706319857931072
4130,1.780789579036945
4131,1.77584254426654
4132,1.7701089531059166
4133,1.763235159951582
4134,1.7511426377556998
4135,1.7506846944341228
4136,1.7556128742155142
4137,1.7669502307736746
4138,1.763439416813421
4139,1.7643716692240927
